35,609,100,1,101,608
609,2,16,0,632,35
1,3,632,6,16,15
2,6,643,633,4,632
5,6,643,60,3,59
58,4,59,7,6,8
4,15,3,7,5,2
8,14,15,5,6,17
13,57,7,14,9,58
10,13,57,12,8,56
12,55,11,54,9,56
12,22,10,20,23,19
13,19,10,11,9,18
12,8,14,18,9,19
17,13,7,18,8,15
6,16,7,17,2,14
1,35,15,2,34,17
14,34,15,33,16,18
32,13,14,33,19,17
12,31,32,20,18,11
21,11,19,31,22,30
30,27,22,29,20,24
24,21,11,23,20,27
22,54,52,53,24,11
25,22,26,23,52,27
24,51,26,52,50,49
27,25,49,24,48,28
28,21,26,29,24,22
27,29,47,46,43,48
28,21,30,43,27,42
21,40,31,29,20,42
30,19,32,40,20,39
18,39,31,19,38,33
38,37,17,18,32,34
35,17,37,36,16,33
0,101,16,34,36,1
110,101,35,34,37,109
110,34,33,38,36,111
39,111,33,37,32,112
38,40,32,112,31,41
30,41,39,42,31,112
40,114,113,112,42,39
40,115,43,41,30,114
29,42,44,46,115,28
115,46,117,43,116,45
46,298,221,117,200,44
44,47,28,45,43,221
48,28,46,221,222,45
49,47,222,223,26,28
48,223,26,244,50,25
99,49,51,244,263,25
25,99,70,50,52,98
25,23,53,51,70,24
54,69,52,23,70,67
23,55,53,10,67,11
67,56,10,54,66,9
55,57,65,66,9,64
58,8,56,64,9,65
63,5,57,64,59,8
63,60,5,61,4,58
644,59,4,61,660,643
62,60,59,660,661,63
63,83,81,82,61,661
58,62,59,64,81,61
63,65,58,57,81,56
64,80,56,79,66,81
79,55,78,65,67,56
55,68,54,66,53,78
67,75,74,78,69,66
70,74,68,53,71,67
51,69,52,71,53,98
74,72,98,69,97,70
74,95,73,71,97,93
75,72,92,74,93,91
72,75,68,69,71,73
76,74,73,68,78,77
75,91,77,90,78,73
76,89,79,78,90,75
77,68,66,79,75,67
77,65,80,66,78,89
81,87,65,79,82,64
80,62,82,63,64,65
83,87,62,81,84,86
62,677,82,84,661,61
86,83,85,82,677,678
86,980,979,84,995,678
88,84,85,995,87,82
88,80,82,86,89,81
89,86,87,995,994,993
88,77,90,87,994,79
993,992,76,91,89,77
76,991,992,92,90,73
91,73,990,93,991,989
989,95,92,94,73,72
989,95,287,988,93,987
96,72,94,93,97,287
285,287,95,97,286,94
96,98,95,285,71,72
97,71,264,99,70,51
264,51,263,50,98,265
0,101,708,608,709,102
35,100,102,36,0,109
101,108,109,103,709,100
709,104,107,710,108,102
106,711,103,107,710,105
106,760,199,711,104,721
140,105,104,107,141,199
108,129,106,140,104,103
107,109,102,129,103,128
108,128,102,110,36,101
127,37,36,109,111,128
38,127,112,110,126,37
41,111,39,113,126,38
125,41,114,112,124,126
123,124,41,115,113,42
44,114,42,116,43,123
123,118,117,115,44,122
299,44,116,45,118,298
119,116,121,299,117,122
334,120,299,118,121,335
119,336,149,335,121,150
148,120,118,149,122,119
148,123,134,121,124,135
116,122,114,124,115,134
134,114,123,113,125,122
133,126,113,132,124,131
131,125,127,113,111,112
110,131,111,126,128,109
130,109,127,129,108,131
130,107,108,140,128,139
129,131,139,138,128,132
126,130,132,127,128,138
133,131,138,125,137,126
136,132,125,134,137,124
135,124,133,122,136,148
146,148,134,147,136,122
146,133,137,145,135,134
144,136,138,132,133,145
143,132,130,137,139,131
140,130,143,142,129,138
106,139,141,107,129,142
142,199,140,106,177,198
176,141,139,177,143,140
176,144,138,139,142,137
174,143,137,145,176,138
146,174,136,144,173,137
172,136,135,145,147,173
171,148,135,149,146,172
135,149,122,147,121,134
148,150,120,121,147,336
149,336,358,151,120,147
150,170,152,358,171,359
153,170,151,359,154,160
368,152,155,367,359,154
155,152,153,160,159,170
156,154,153,368,397,158
158,155,896,157,397,895
895,158,163,156,896,894
159,163,157,156,162,155
160,158,162,161,154,163
159,170,169,154,161,152
162,168,159,166,167,160
164,159,166,161,163,158
158,164,157,889,162,159
162,163,888,165,889,166
887,166,184,164,888,185
167,165,162,161,164,184
166,182,168,181,161,184
167,169,173,161,181,172
172,170,160,168,171,173
169,152,160,171,151,154
170,147,172,151,169,146
146,169,173,171,168,145
174,172,168,145,181,169
144,173,175,145,181,176
176,174,180,179,181,144
143,175,142,179,177,144
142,178,198,141,179,176
189,188,198,179,177,197
188,178,176,175,177,180
183,175,182,188,181,179
167,174,180,175,182,173
167,183,184,180,181,166
187,182,180,186,188,184
182,165,186,185,183,166
879,887,186,184,886,192
183,192,187,185,184,879
191,188,183,186,189,192
187,179,183,178,180,189
178,187,190,188,191,197
191,195,196,189,194,193
190,193,187,192,189,194
878,186,193,879,191,185
191,878,194,192,876,877
195,875,193,876,764,190
194,763,190,196,764,875
197,763,190,762,195,189
761,196,198,762,199,190
178,197,199,177,761,141
141,198,105,761,760,106
220,298,201,221,302,45
219,302,202,200,303,220
219,303,304,201,218,203
204,304,218,217,305,202
203,307,205,306,217,305
204,216,206,215,307,217
215,207,307,205,308,214
206,309,308,208,214,310
207,212,310,209,214,210
210,310,398,498,208,399
212,399,209,211,208,400
210,400,232,212,233,399
210,208,213,211,214,232
231,212,214,230,215,232
207,213,215,212,206,208
206,216,230,214,205,213
228,215,205,217,230,229
228,203,205,216,218,204
203,226,202,217,219,227
202,225,201,226,220,218
200,221,225,201,219,222
47,200,220,222,45,46
224,223,48,221,47,220
243,244,222,49,224,48
243,222,225,223,242,220
219,224,226,220,241,242
227,219,241,218,225,202
228,240,226,241,239,218
227,216,239,217,229,218
239,230,237,216,228,238
215,229,231,213,216,236
235,213,236,230,232,229
233,211,235,234,231,213
445,232,400,234,444,211
235,445,252,233,232,251
231,234,236,232,251,252
231,235,237,250,251,229
238,250,236,229,249,239
248,239,237,249,240,229
228,238,229,240,227,237
248,227,241,239,247,238
242,227,240,226,247,225
241,243,247,224,246,225
223,224,242,245,244,246
223,49,50,243,263,245
243,262,246,244,263,242
247,260,245,261,262,242
248,260,240,246,242,241
238,260,240,259,247,249
238,257,259,258,250,237
256,237,257,236,251,249
235,256,252,236,250,255
234,253,251,255,446,235
446,254,252,493,255,447
253,273,272,255,493,494
256,272,254,252,251,253
250,271,255,257,251,272
256,258,270,250,249,271
270,259,257,269,249,268
260,248,258,268,249,269
248,259,261,247,246,268
267,260,262,246,268,266
265,261,245,246,266,263
99,244,50,245,265,262
285,99,265,98,263,284
266,264,262,263,284,99
267,265,284,283,262,261
266,281,261,283,268,262
269,261,259,281,260,267
280,258,268,281,270,259
271,258,278,257,269,277
277,270,256,272,257,255
254,276,271,255,277,273
274,254,275,494,276,272
494,275,273,497,496,1194
274,297,276,273,296,1194
277,275,272,273,296,295
271,295,276,272,278,296
270,279,295,277,280,269
293,278,280,292,294,295
292,269,279,281,282,278
267,282,280,269,268,283
290,292,281,291,283,280
290,267,266,289,282,281
285,266,289,286,265,283
264,96,284,286,97,98
289,96,287,284,285,288
1174,96,94,286,988,95
1174,289,1183,1175,286,290
290,284,286,288,283,266
282,289,291,283,1183,288
290,1187,292,1183,282,1184
282,293,280,291,279,1187
1187,292,279,1188,294,1186
1189,295,279,293,1188,296
277,294,296,278,279,276
297,295,276,1190,275,277
1190,275,1194,296,1192,276
299,200,45,302,300,117
119,300,117,298,118,334
334,299,301,302,298,119
320,300,303,302,333,334
300,201,301,298,303,200
202,301,302,201,304,319
319,202,203,303,305,218
318,319,306,304,317,204
307,317,204,316,305,324
306,308,206,204,205,316
315,307,207,206,316,309
315,310,207,311,308,208
309,209,208,498,311,207
510,309,314,312,310,315
512,313,311,510,511,314
314,312,326,345,344,512
311,313,326,325,315,312
309,325,308,316,314,311
315,306,324,308,307,325
306,318,324,323,305,316
319,323,317,305,322,320
318,304,320,305,322,303
319,301,321,322,333,303
331,320,333,322,332,330
330,318,321,323,320,331
328,318,317,329,322,330
328,317,325,316,327,323
315,324,327,326,314,316
344,325,314,327,313,343
342,325,328,326,324,343
324,342,323,329,327,317
330,328,341,323,340,342
331,329,322,340,323,321
339,330,332,321,340,322
331,337,338,333,321,339
334,332,321,335,320,337
335,119,300,333,299,120
334,337,120,336,333,119
150,337,120,335,358,149
332,336,338,335,357,333
339,357,337,332,356,331
331,338,355,356,340,332
341,330,355,354,339,329
351,340,329,354,352,342
328,343,351,327,329,341
344,350,342,349,327,351
343,345,326,349,313,327
344,346,347,313,348,349
512,518,345,347,517,313
518,348,345,346,589,377
347,349,377,376,345,589
350,343,348,376,344,375
375,351,343,349,352,342
350,352,341,342,343,354
351,353,374,354,350,341
363,373,352,354,372,374
363,341,353,355,340,352
363,339,354,340,362,356
338,360,362,361,339,355
358,338,360,337,356,336
150,357,359,151,336,360
367,358,152,153,360,151
361,367,357,356,359,358
360,365,366,362,356,367
361,363,355,365,356,364
364,355,353,354,362,372
363,372,365,371,362,393
364,361,371,366,362,370
361,365,369,367,368,370
368,360,359,366,153,361
153,367,369,155,366,397
396,370,366,368,397,395
394,369,371,395,396,366
393,365,364,370,394,372
364,390,393,373,371,353
390,374,389,353,372,352
375,373,389,352,379,380
350,379,374,376,349,352
379,378,348,375,349,377
378,589,588,348,376,382
379,381,377,382,376,588
378,375,380,376,381,374
379,386,388,389,381,374
378,386,383,380,379,382
378,383,587,588,381,377
381,384,382,385,586,386
1294,385,383,586,1090,585
386,1090,384,383,1089,387
385,381,388,380,387,383
388,1089,1088,1087,386,385
386,391,387,380,389,1087
373,380,388,374,390,391
391,373,372,392,389,393
1087,388,390,392,389,1086
393,391,1086,390,1085,372
371,392,394,372,1085,390
370,1084,393,395,371,1085
396,1084,394,1083,370,1079
395,369,1078,397,370,1079
369,156,896,396,155,368
403,209,498,499,399,404
403,210,402,398,400,209
211,233,401,402,399,444
402,423,444,422,400,443
399,422,401,403,400,421
421,399,398,404,402,499
421,403,500,499,405,398
421,501,406,404,420,500
418,405,407,420,419,501
406,527,417,408,418,501
417,528,527,409,407,529
416,529,408,410,417,415
414,530,409,415,411,529
414,412,531,598,410,530
599,413,411,598,618,414
431,414,412,430,618,411
415,411,410,413,430,412
416,414,428,430,410,429
417,415,409,428,427,410
418,416,408,407,427,409
417,427,419,406,407,426
418,425,424,420,406,426
421,406,419,424,405,422
403,405,420,404,422,402
402,424,423,401,421,420
401,441,443,422,442,424
441,422,419,420,425,423
439,419,441,424,440,426
439,427,437,425,438,419
418,416,426,428,417,437
437,416,415,429,427,430
436,430,428,437,433,415
431,429,415,414,413,428
432,430,413,433,618,429
431,621,620,433,434,618
432,435,431,434,436,429
435,458,621,433,432,459
436,458,434,433,457,456
435,429,437,456,433,438
438,428,436,429,426,456
454,437,456,439,426,455
440,454,426,425,438,441
439,451,441,425,453,454
440,442,425,424,423,451
449,441,451,443,423,440
449,448,444,423,442,401
445,401,443,233,448,400
446,444,234,233,448,252
445,253,447,448,252,493
491,446,493,448,492,253
446,447,443,449,445,444
442,491,443,450,448,451
449,490,451,452,491,484
440,442,452,450,453,441
484,453,451,471,450,470
454,452,470,451,440,455
438,455,453,439,440,456
454,469,456,470,438,457
455,438,436,457,435,454
468,458,456,435,455,469
435,460,434,457,459,468
692,460,694,693,458,434
461,458,467,459,694,468
466,694,460,462,467,459
463,461,466,696,464,465
1574,462,464,696,1394,697
463,465,1394,1393,1392,462
466,464,476,1392,474,462
461,467,465,474,462,464
466,468,460,461,474,473
467,469,457,473,460,458
455,470,468,473,472,457
469,471,453,455,472,452
483,470,452,484,472,453
473,475,471,479,470,469
475,469,474,468,472,467
466,475,473,465,476,467
478,474,476,473,472,477
477,465,475,1392,474,478
1391,476,478,1390,1389,1392
477,475,479,1389,480,476
483,478,480,482,472,475
1389,481,482,479,1388,478
482,1386,480,1388,486,1387
481,483,480,486,485,479
484,482,479,471,485,472
483,452,490,485,471,450
486,489,484,490,482,483
485,488,482,481,1386,487
1386,488,1384,1385,496,486
489,487,496,486,495,485
488,490,492,485,495,486
489,484,491,450,485,492
449,447,492,490,450,448
489,491,447,495,493,490
494,447,253,492,254,446
274,493,495,273,492,254
494,488,489,492,496,274
497,488,487,495,1384,274
1194,496,1383,274,1384,275
510,209,509,398,310,499
404,398,509,500,498,507
404,507,501,506,499,405
502,405,500,407,527,506
501,503,527,506,526,500
502,504,505,526,525,506
522,503,525,524,505,523
503,515,506,504,514,522
502,507,505,500,503,501
506,508,500,499,509,514
507,511,514,513,509,512
498,510,508,511,499,507
511,311,498,509,312,310
512,510,508,509,312,513
346,511,312,513,313,517
517,512,508,511,514,516
508,515,513,505,516,507
522,505,516,514,504,521
519,515,517,520,514,513
513,519,518,516,346,512
347,346,590,517,519,589
591,517,516,590,520,518
521,519,591,516,576,577
522,576,566,520,523,515
521,523,515,504,505,524
522,565,524,566,521,504
541,523,525,542,504,565
535,504,524,526,503,541
535,527,503,525,528,502
502,526,408,407,528,501
408,535,529,526,527,534
530,409,528,534,410,408
533,529,410,531,534,411
530,411,698,532,533,598
538,698,533,531,744,743
530,534,537,532,531,538
533,529,536,535,537,528
536,528,526,525,534,541
535,541,537,534,540,525
538,533,536,540,534,539
744,539,532,537,533,745
538,540,545,544,537,543
541,539,543,536,537,542
542,524,536,540,543,525
541,556,565,543,524,540
556,542,540,555,544,541
545,555,539,543,547,546
745,544,546,539,746,538
746,547,545,748,544,747
554,546,548,748,555,544
553,547,748,749,554,549
749,552,553,550,548,791
549,797,796,551,552,791
560,1263,552,797,550,1264
553,551,559,560,549,550
558,548,552,549,559,554
558,547,555,548,553,557
556,543,544,554,547,557
542,564,543,557,555,565
558,556,564,563,554,555
562,554,553,559,557,563
560,552,562,558,561,553
551,561,559,1264,552,1265
560,570,569,559,562,572
558,569,563,559,561,557
562,564,568,557,567,569
556,565,563,567,557,566
523,564,566,542,556,567
521,565,523,576,567,575
575,566,564,568,563,565
563,573,574,567,575,569
562,572,561,568,573,570
571,572,1265,561,569,1288
570,1288,1289,572,581,1265
571,570,569,573,581,561
574,572,580,568,581,569
573,578,575,579,568,580
574,576,567,578,568,577
577,521,575,566,520,567
591,578,576,592,520,575
577,579,574,593,575,592
580,578,593,574,594,583
579,582,573,581,583,574
571,582,572,580,1289,573
1290,583,581,580,1291,1289
594,1291,582,584,580,579
1291,585,583,1292,1293,594
584,586,1294,595,1293,384
384,587,585,595,383,382
588,596,382,586,595,597
597,377,587,382,589,596
377,590,347,588,597,518
518,591,597,589,519,592
577,519,592,590,520,597
591,593,597,596,577,578
579,592,578,594,596,595
583,595,593,579,584,596
594,587,586,596,585,593
597,587,593,592,595,594
588,590,596,592,589,591
698,412,599,411,699,531
412,617,600,598,601,618
699,601,599,701,700,598
600,616,602,701,599,617
701,614,601,603,702,616
604,702,614,602,703,613
605,603,705,703,613,704
604,612,705,613,606,628
706,605,611,612,607,705
611,707,706,610,606,608
708,609,100,707,607,0
1,0,610,608,632,631
609,631,611,607,608,630
630,606,607,610,612,629
605,629,628,606,611,613
605,614,627,628,604,603
615,602,613,603,627,616
627,616,626,614,625,624
615,601,624,617,602,614
619,599,618,616,624,601
617,413,619,412,431,599
617,620,624,618,623,622
619,432,622,621,623,618
432,692,620,434,622,459
691,620,623,651,621,692
622,625,624,651,619,620
619,625,616,623,617,615
624,650,626,623,615,638
615,637,638,625,627,650
615,628,613,626,637,614
627,612,613,637,636,629
636,612,635,630,628,611
629,631,611,634,635,610
630,632,610,633,634,609
2,631,1,633,3,609
3,634,642,631,632,643
635,642,633,630,641,631
640,629,634,641,630,636
640,629,637,639,628,635
626,636,627,638,639,628
626,649,639,637,650,648
636,638,640,648,637,647
636,635,647,639,641,646
645,635,642,646,634,640
645,643,634,641,633,644
3,642,644,4,633,60
60,643,660,645,659,642
659,642,641,646,644,658
645,641,647,657,658,640
648,640,646,657,639,656
647,649,656,655,639,638
650,648,652,655,638,639
649,652,651,625,638,623
691,652,650,622,623,625
651,653,649,650,655,691
654,652,690,668,689,655
653,668,666,655,667,652
654,649,656,648,666,652
655,665,648,657,666,647
658,656,646,664,647,665
659,657,663,664,646,645
645,658,662,644,660,663
644,662,661,659,61,60
677,660,83,662,61,62
675,659,663,660,661,658
675,664,662,658,674,659
673,663,665,658,657,674
666,664,672,656,673,657
654,665,667,672,656,655
666,671,668,670,654,672
654,669,689,667,653,670
687,670,668,689,688,686
669,686,671,667,685,668
685,672,667,684,670,666
671,673,665,666,667,682
682,664,674,672,665,663
673,680,663,675,682,664
663,662,680,676,674,677
677,679,675,680,678,661
83,676,661,678,84,675
979,676,677,679,1592,85
1590,676,1592,680,678,1591
681,675,676,679,674,1590
682,1589,680,1590,683,674
681,673,683,674,684,672
684,682,1589,1579,1580,681
683,1579,685,671,1578,682
686,684,1578,671,670,1577
685,1577,1576,670,687,669
1576,669,688,686,697,670
695,687,697,669,696,689
669,695,690,668,688,653
691,693,653,689,695,692
692,651,690,622,693,652
691,693,621,459,622,690
692,690,694,695,459,691
461,695,693,459,460,696
694,688,693,689,696,690
462,688,697,695,463,694
688,687,696,1574,463,1575
699,532,531,743,598,744
700,600,743,698,598,742
699,734,701,742,600,743
700,602,600,601,702,734
603,733,734,701,703,602
733,604,704,732,603,702
716,732,703,705,731,604
604,605,716,704,606,706
606,707,715,716,607,705
715,706,708,607,714,608
608,100,709,714,707,715
708,103,710,100,102,714
104,709,712,103,711,714
721,104,710,105,712,720
720,713,710,719,711,714
715,712,719,717,714,718
713,708,715,707,709,712
713,716,707,706,714,717
705,704,715,717,706,731
718,716,713,715,731,719
725,731,717,719,723,713
718,720,713,723,712,717
721,712,719,722,723,711
711,720,760,722,759,105
721,720,757,759,723,758
724,719,722,720,757,718
723,725,756,755,757,726
718,726,724,730,731,755
727,725,755,754,730,724
726,728,754,738,730,737
727,735,729,737,736,730
733,728,732,730,735,734
731,729,726,725,732,727
718,732,730,704,717,725
733,731,704,729,703,730
734,732,703,729,702,735
700,733,735,702,742,701
736,734,728,729,742,733
735,737,741,742,740,728
736,738,740,728,739,727
737,753,752,739,727,754
740,752,747,738,737,746
736,737,739,741,746,745
745,736,744,740,742,743
700,736,741,743,735,734
744,699,698,742,741,532
743,538,745,741,532,698
746,744,545,741,740,538
745,546,740,545,747,739
750,748,739,746,752,546
548,750,749,747,546,547
549,750,748,548,790,791
751,749,790,747,748,752
789,752,750,788,790,747
751,738,739,753,747,788
779,738,788,754,752,727
779,727,755,753,726,778
726,756,754,724,778,725
777,757,724,755,778,776
722,756,758,724,723,759
769,776,759,757,768,722
760,768,722,758,721,761
721,759,761,105,199,768
197,760,762,768,199,759
196,768,197,761,767,763
767,195,196,766,764,762
766,763,875,195,1450,765
766,1450,1451,771,764,772
765,767,771,763,764,1450
769,763,766,762,768,771
759,762,769,758,761,767
767,776,758,770,768,771
771,776,769,775,774,767
770,766,774,772,765,767
1451,774,773,1452,771,765
1452,783,772,774,1453,784
772,770,783,775,771,773
770,781,774,783,777,776
777,769,770,758,775,757
776,778,781,756,775,770
779,777,756,755,781,780
753,778,780,754,788,755
787,779,781,782,788,778
777,780,782,775,778,783
784,781,786,783,780,787
784,774,773,782,775,781
1454,783,782,786,785,773
1475,786,1454,794,784,793
787,785,784,782,793,794
789,780,786,793,788,782
751,753,789,787,779,780
751,787,793,790,788,792
791,789,750,751,749,792
790,792,796,550,749,549
794,795,791,793,796,790
789,792,786,787,794,785
792,1475,785,793,795,1476
1476,792,796,1477,794,1475
795,791,797,550,792,1477
1263,796,550,1477,551,1262
1432,799,897,1506,827,1431
826,898,800,798,897,827
899,825,799,801,898,826
900,802,899,800,825,803
801,822,824,803,825,823
822,901,802,900,804,801
903,821,901,805,803,822
806,817,821,804,818,819
903,805,905,817,807,904
817,808,906,905,806,816
997,807,816,809,996,906
997,810,816,808,1028,1023
811,1028,809,1029,812,816
810,814,813,812,815,1029
1030,813,1029,811,856,855
812,814,855,811,853,854
811,813,834,815,835,853
814,818,816,811,834,817
808,817,809,815,807,818
807,818,816,806,805,815
817,819,834,815,805,816
818,820,833,834,821,805
819,823,831,821,822,832
822,804,805,820,819,803
821,802,803,823,820,804
831,822,830,824,820,802
829,825,802,823,830,822
800,824,826,801,802,829
825,828,799,827,800,829
828,826,1432,1442,798,799
829,843,827,826,842,840
840,824,828,825,830,842
840,823,831,839,824,829
832,823,830,820,838,839
831,833,836,837,838,820
834,832,836,819,835,820
814,833,818,835,819,815
853,836,834,833,814,852
832,833,837,835,851,852
838,851,836,849,832,850
839,837,848,832,849,831
840,838,830,848,841,847
842,839,829,830,841,828
842,847,846,840,839,844
840,843,841,844,828,829
842,1443,828,1442,844,827
842,1444,843,845,1443,846
846,1446,1444,869,844,1445
845,847,841,868,869,844
868,846,848,841,839,866
847,849,838,866,839,837
848,850,837,866,838,865
865,851,849,864,863,837
837,863,850,836,852,849
853,863,851,854,835,862
854,835,813,852,814,855
853,861,862,855,852,857
857,813,856,854,853,812
1030,857,1075,855,1063,812
861,856,855,858,1075,854
859,857,1076,860,1075,861
1077,858,895,860,1076,894
861,859,894,893,858,857
893,857,854,860,862,858
854,892,893,863,861,852
864,892,851,862,852,850
863,884,850,892,865,891
882,850,884,883,864,866
867,848,882,849,865,847
881,866,868,871,882,872
869,847,867,871,846,866
868,1446,845,870,871,846
1446,869,873,1448,1447,871
868,872,869,867,870,873
877,873,881,871,867,876
1448,872,874,870,871,1449
1449,876,873,875,1448,1450
194,876,1450,764,874,1449
874,877,875,194,193,872
878,876,872,880,881,193
877,879,193,880,192,876
878,185,886,192,880,883
878,881,883,879,877,882
867,882,880,872,877,871
865,881,883,866,867,880
880,882,884,886,865,879
865,885,883,864,886,891
891,888,887,884,886,883
879,885,883,887,185,884
165,185,885,888,886,184
885,164,889,887,891,165
163,888,890,164,894,891
891,893,894,889,892,888
885,892,890,888,864,884
891,862,863,864,893,890
861,890,862,860,894,892
860,895,890,893,889,859
157,859,894,896,860,156
1078,156,895,397,157,1077
798,1507,931,898,799,1506
929,799,800,899,897,930
800,913,929,801,898,900
801,912,913,803,899,901
803,902,804,903,912,900
910,901,911,903,904,909
804,904,806,902,901,805
903,908,909,905,902,806
807,908,904,806,906,907
807,907,996,905,808,1095
906,1096,919,908,1095,905
904,909,905,919,907,918
910,918,904,908,917,919
911,909,902,917,916,904
910,912,916,902,915,901
900,911,914,913,901,915
914,899,900,912,928,929
913,915,912,927,928,911
914,925,926,916,927,911
911,910,924,915,925,917
910,923,909,918,924,916
921,922,909,917,919,908
908,921,920,907,918,1096
921,1096,1131,919,1132,907
922,920,918,919,1132,945
921,945,923,918,944,917
922,924,917,943,944,918
923,925,916,943,917,942
942,926,924,915,916,941
941,925,927,915,940,914
926,928,914,940,915,934
929,927,913,914,933,899
930,928,899,898,913,933
929,933,931,932,898,928
930,1507,1529,897,932,1528
935,1529,930,936,931,933
934,930,935,932,928,929
933,935,939,940,938,927
934,932,933,938,936,937
937,1530,1531,932,935,1529
936,955,1551,1531,938,935
939,954,935,937,955,934
953,938,934,940,954,935
939,926,934,927,941,953
952,926,951,940,942,925
925,950,951,943,924,941
924,949,950,923,942,944
922,948,949,923,945,947
922,947,1132,946,921,944
947,1133,1132,945,1170,1169
948,946,945,966,1170,944
947,944,965,949,964,966
943,964,944,948,963,950
963,942,943,962,949,951
942,941,952,962,950,961
953,941,960,961,951,939
952,939,954,959,960,941
955,938,953,939,958,959
954,958,937,938,956,1551
1551,957,1584,1552,955,1585
1585,958,977,956,976,978
959,957,955,954,976,956
958,960,976,953,954,975
959,952,953,975,961,974
973,952,962,960,974,951
950,972,961,951,963,973
950,971,964,972,962,949
965,963,949,970,948,971
970,966,964,948,969,967
1170,965,947,967,948,1171
1171,969,966,968,1172,965
969,1172,1173,987,967,988
968,967,987,970,965,986
965,971,986,969,964,985
970,963,985,972,964,986
971,973,962,963,984,985
972,974,983,961,984,962
973,975,961,983,982,960
976,974,982,960,959,981
959,977,975,958,957,981
980,976,978,957,981,1585
979,1585,977,1586,980,1592
978,85,1592,678,980,1586
85,977,981,979,978,995
995,980,982,977,976,975
994,975,981,974,993,983
993,992,973,984,974,982
991,985,983,992,972,973
971,984,990,991,972,986
970,987,990,989,969,985
988,986,989,969,968,94
1174,987,94,287,1173,968
990,94,987,93,986,92
989,991,985,986,92,93
984,91,990,992,92,985
91,983,991,993,90,984
983,994,90,992,982,89
993,995,88,982,981,89
994,88,981,86,980,85
997,906,1095,998,808,907
808,809,1023,996,998,1022
997,999,996,1022,1098,1023
1098,1022,998,1000,1102,1021
1001,999,1021,1103,1102,1022
1020,1000,1002,1021,1103,1025
1001,1003,1018,1103,1104,1020
1018,1004,1106,1002,1104,1105
1003,1016,1005,1018,1106,1017
1106,1006,1108,1004,1107,1016
1005,1014,1108,1016,1007,1015
1008,1109,1108,1006,1195,1014
1007,1196,1241,1014,1009,1195
1241,1013,1008,1010,1014,1242
1244,1013,1012,1009,1242,1011
1012,1245,1094,1046,1010,1244
1045,1011,1013,1010,1038,1044
1015,1009,1010,1012,1038,1014
1006,1008,1009,1015,1013,1007
1037,1016,1013,1038,1014,1006
1004,1006,1015,1005,1017,1037
1018,1037,1019,1036,1004,1016
1003,1019,1017,1002,1004,1020
1018,1036,1020,1035,1017,1002
1001,1019,1025,1035,1021,1034
1025,1001,1022,1000,1024,1020
1023,999,1021,998,1024,1000
997,1028,1022,1024,998,809
1023,1025,1026,1022,1027,1021
1021,1020,1026,1024,1034,1001
1027,1025,1034,1032,1024,1033
1028,1031,1026,1024,1029,1032
810,1027,1023,1029,809,1024
812,1031,1028,810,1030,1027
856,1031,812,1063,1029,1062
1030,1027,1029,1062,1032,1063
1062,1026,1033,1031,1061,1027
1041,1061,1034,1032,1060,1026
1026,1041,1035,1033,1025,1020
1041,1019,1036,1034,1020,1040
1019,1040,1035,1017,1039,1037
1039,1015,1017,1038,1036,1016
1044,1037,1013,1015,1012,1039
1037,1043,1040,1044,1036,1038
1041,1036,1039,1042,1043,1035
1033,1040,1035,1034,1042,1060
1059,1040,1050,1060,1043,1041
1050,1044,1039,1040,1049,1042
1043,1045,1039,1049,1038,1012
1046,1044,1012,1049,1048,1011
1045,1094,1047,1048,1011,1093
1053,1046,1093,1048,1092,1094
1047,1051,1046,1049,1045,1052
1050,1048,1043,1044,1051,1045
1043,1058,1059,1049,1042,1051
1048,1058,1057,1052,1049,1050
1053,1057,1051,1055,1056,1048
1055,1047,1092,1052,1054,1093
1055,1092,1089,1090,1053,1091
1056,1053,1054,1088,1052,1089
1088,1055,1069,1057,1052,1068
1056,1058,1052,1051,1068,1067
1050,1059,1057,1067,1051,1066
1050,1066,1058,1042,1060,1067
1059,1042,1033,1061,1066,1041
1065,1033,1062,1060,1032,1064
1064,1031,1032,1061,1063,1030
1030,1064,1075,1062,856,1074
1062,1065,1073,1074,1063,1061
1072,1064,1066,1061,1073,1060
1059,1065,1072,1067,1060,1071
1068,1071,1058,1066,1057,1059
1069,1067,1070,1057,1071,1056
1086,1068,1056,1087,1088,1070
1071,1068,1082,1086,1085,1069
1070,1067,1072,1082,1068,1081
1073,1065,1071,1081,1066,1067
1081,1072,1074,1064,1080,1065
1076,1073,1075,1064,1080,1063
856,1074,858,1076,1063,857
1077,1074,858,1080,1075,859
859,1078,1076,1079,1080,858
1077,396,896,1079,397,395
1083,1077,1078,1080,395,1076
1079,1073,1076,1074,1081,1083
1073,1083,1082,1072,1080,1071
1084,1081,1071,1083,1070,1085
1079,1084,1081,1082,395,1080
395,1083,394,1082,1085,1070
1084,1086,392,1070,393,394
1069,392,1085,1087,1070,391
1088,391,1069,1086,387,388
1056,1087,1089,1055,387,1069
1090,1088,387,1054,1055,385
385,1089,1091,1054,384,1294
1279,1090,1054,1092,1294,1278
1278,1054,1053,1091,1093,1047
1094,1047,1278,1092,1276,1046
1093,1046,1245,1276,1011,1047
1096,1098,996,1097,907,998
920,1095,907,1097,919,1131
1099,1096,1130,1098,1095,1131
999,1095,1097,1099,998,1102
1102,1097,1100,1101,1098,1130
1127,1130,1099,1101,1128,1129
1102,1100,1124,1099,1125,1127
1099,1101,1000,999,1098,1103
1124,1002,1000,1104,1001,1102
1124,1003,1105,1123,1103,1002
1106,1123,1121,1120,1104,1003
1005,1003,1105,1107,1004,1120
1120,1114,1108,1106,1005,1115
1109,1005,1006,1107,1007,1114
1108,1007,1195,1110,1114,1297
1109,1113,1111,1297,1298,1114
1298,1301,1113,1112,1110,1300
1116,1301,1111,1141,1113,1142
1111,1116,1114,1110,1115,1112
1107,1113,1109,1108,1115,1110
1116,1119,1120,1114,1113,1107
1115,1141,1112,1113,1117,1119
1140,1118,1119,1141,1116,1139
1117,1138,1119,1139,1122,1121
1115,1121,1117,1118,1120,1116
1107,1121,1115,1105,1119,1106
1122,1120,1119,1105,1123,1118
1121,1126,1123,1125,1118,1137
1105,1125,1122,1124,1121,1104
1104,1103,1125,1101,1123,1102
1123,1127,1124,1126,1101,1122
1122,1127,1137,1136,1125,1123
1126,1100,1128,1125,1136,1101
1127,1129,1135,1136,1134,1100
1130,1134,1133,1128,1131,1100
1129,1131,1100,1097,1099,1128
920,1130,1132,1133,1129,1097
945,946,1131,921,920,1133
946,1129,1131,1132,1169,1134
1129,1169,1135,1168,1133,1128
1134,1167,1136,1128,1168,1157
1126,1135,1137,1157,1128,1127
1157,1138,1126,1136,1156,1122
1137,1139,1118,1156,1155,1122
1146,1138,1140,1155,1118,1117
1146,1117,1141,1145,1139,1142
1140,1116,1142,1112,1117,1145
1143,1141,1145,1144,1112,1140
1302,1144,1358,1142,1356,1357
1143,1149,1145,1358,1142,1147
1146,1140,1147,1144,1142,1141
1154,1140,1139,1145,1147,1155
1153,1148,1145,1146,1144,1149
1151,1149,1147,1152,1150,1153
1150,1148,1358,1144,1359,1147
1382,1149,1151,1359,1148,1193
1193,1148,1152,1150,1192,1382
1191,1151,1153,1148,1161,1192
1161,1154,1152,1147,1148,1160
1146,1155,1153,1160,1147,1161
1154,1156,1159,1139,1160,1146
1155,1157,1158,1138,1137,1159
1137,1158,1156,1167,1136,1135
1166,1157,1159,1165,1156,1167
1158,1155,1160,1165,1164,1156
1161,1154,1164,1159,1155,1153
1162,1153,1160,1152,1191,1163
1163,1191,1161,1189,1188,1190
1162,1164,1186,1188,1161,1160
1163,1165,1160,1159,1185,1186
1166,1164,1185,1158,1159,1180
1180,1165,1167,1158,1179,1185
1166,1135,1157,1168,1179,1158
1134,1179,1178,1135,1167,1169
1170,1134,1178,1133,1168,946
966,1169,1171,946,1178,947
1178,967,1172,1170,1177,966
968,1177,1171,1176,1173,967
1175,968,1174,1172,1176,988
1175,287,988,288,1173,286
1174,1182,1173,288,1176,1183
1177,1172,1175,1173,1182,1180
1178,1172,1176,1171,1179,1180
1171,1179,1177,1169,1168,1170
1180,1178,1168,1177,1166,1167
1181,1179,1166,1177,1176,1185
1180,1184,1182,1185,1176,1166
1175,1181,1183,1184,1176,288
1182,288,291,290,1175,1184
1187,1181,1186,1185,1182,1183
1181,1165,1186,1184,1164,1180
1163,1184,1188,1185,1187,1164
1184,293,291,1186,292,1188
1189,293,1163,1186,294,1162
1190,294,1162,1188,1191,1163
1189,297,1191,1192,296,1162
1192,1190,1162,1152,1189,1161
1191,1193,1190,297,1194,1151
1151,1383,1192,1382,1194,1150
497,297,1193,1383,1192,275
1109,1196,1295,1007,1297,1008
1295,1008,1241,1197,1195,1240
1240,1231,1196,1198,1295,1232
1295,1199,1231,1296,1197,1306
1198,1200,1306,1230,1231,1307
1307,1201,1230,1199,1229,1306
1200,1202,1308,1229,1220,1309
1201,1203,1310,1220,1309,1308
1202,1217,1219,1204,1220,1310
1311,1217,1310,1205,1203,1312
1217,1206,1204,1207,1312,1216
1396,1205,1395,1312,1207,1313
1216,1208,1206,1205,1215,1396
1396,1209,1398,1207,1397,1215
1210,1398,1208,1399,1215,1211
1209,1212,1213,1215,1211,1214
1399,1488,1210,1212,1487,1258
1210,1257,1258,1213,1211,1256
1256,1210,1214,1212,1224,1215
1218,1213,1216,1223,1215,1224
1216,1210,1209,1207,1214,1208
1218,1207,1217,1215,1214,1205
1218,1204,1203,1205,1216,1219
1217,1223,1219,1214,1216,1222
1218,1220,1203,1222,1217,1221
1219,1202,1229,1203,1221,1201
1227,1222,1220,1229,1228,1219
1221,1219,1226,1225,1223,1227
1218,1225,1224,1214,1222,1219
1223,1256,1213,1255,1214,1225
1223,1254,1226,1222,1224,1235
1227,1225,1235,1222,1234,1221
1233,1234,1226,1228,1221,1222
1233,1230,1227,1229,1221,1232
1220,1230,1201,1221,1228,1200
1231,1200,1228,1199,1229,1232
1197,1230,1232,1198,1199,1228
1233,1239,1240,1231,1197,1228
1238,1232,1228,1227,1239,1234
1238,1235,1227,1237,1226,1233
1234,1253,1226,1236,1237,1254
1237,1250,1253,1235,1248,1249
1236,1238,1234,1247,1248,1235
1239,1233,1234,1237,1247,1243
1240,1238,1243,1232,1233,1247
1239,1241,1197,1232,1242,1196
1242,1240,1196,1008,1009,1197
1244,1241,1243,1010,1009,1240
1239,1244,1247,1242,1238,1246
1242,1245,1243,1010,1011,1246
1244,1276,1094,1246,1011,1275
1245,1275,1247,1248,1276,1244
1238,1243,1246,1248,1237,1239
1249,1247,1237,1275,1246,1236
1274,1275,1273,1248,1250,1236
1272,1236,1249,1251,1273,1253
1272,1252,1253,1271,1250,1236
1251,1270,1254,1253,1255,1271
1251,1252,1235,1236,1254,1250
1252,1225,1253,1255,1235,1224
1256,1254,1269,1252,1224,1270
1269,1213,1255,1257,1224,1212
1269,1258,1268,1212,1256,1259
1488,1257,1259,1212,1211,1490
1260,1258,1267,1268,1257,1490
1259,1261,1491,1490,1267,1262
1263,1260,1267,1262,1266,1491
1491,1261,1263,1477,797,1260
1261,551,1262,1264,797,1266
560,1266,1263,1265,551,1261
570,1266,1264,1287,1288,571
1264,1287,1265,1267,1261,1263
1261,1268,1259,1266,1260,1287
1257,1269,1267,1259,1286,1270
1257,1270,1256,1268,1255,1286
1269,1252,1286,1271,1255,1285
1285,1251,1284,1270,1252,1272
1251,1283,1250,1273,1284,1271
1272,1281,1249,1274,1250,1283
1281,1249,1277,1280,1273,1275
1249,1276,1246,1277,1248,1274
1245,1277,1094,1275,1246,1093
1274,1276,1278,1280,1275,1093
1092,1277,1093,1279,1280,1091
1091,1280,1293,1278,1294,1092
1274,1281,1279,1277,1278,1292
1274,1282,1280,1292,1273,1283
1283,1291,1292,1281,1290,1273
1282,1272,1290,1284,1273,1289
1285,1283,1271,1289,1272,1290
1284,1288,1271,1286,1287,1289
1270,1287,1268,1285,1269,1267
1288,1266,1286,1265,1285,1267
571,1289,1285,1287,1265,570
571,1290,1288,1284,581,1285
1289,582,1283,1282,1291,1284
1282,583,584,582,1292,1290
1282,1293,1281,1291,584,1280
1292,1294,1279,585,584,1280
1293,384,585,1091,1279,1090
1198,1297,1196,1195,1296,1197
1299,1297,1198,1295,1298,1305
1298,1295,1296,1110,1195,1109
1299,1111,1297,1300,1110,1296
1298,1305,1296,1304,1300,1297
1304,1301,1299,1303,1298,1111
1302,1111,1300,1112,1303,1298
1143,1301,1356,1303,1300,1339
1304,1339,1302,1338,1300,1356
1338,1305,1300,1299,1303,1329
1299,1306,1304,1328,1329,1296
1305,1307,1199,1328,1200,1198
1200,1306,1328,1308,1327,1201
1326,1307,1309,1201,1327,1200
1308,1325,1326,1310,1202,1324
1324,1204,1202,1311,1309,1203
1204,1322,1324,1312,1310,1205
1311,1313,1206,1205,1204,1395
1314,1395,1312,1495,1496,1206
1321,1313,1315,1496,1322,1312
1314,1496,1321,1518,1316,1519
1317,1321,1319,1315,1320,1519
1318,1519,1316,1541,1319,1540
1317,1346,1319,1347,1541,1345
1318,1320,1345,1316,1333,1317
1323,1321,1319,1333,1316,1332
1314,1320,1322,1316,1315,1323
1311,1321,1323,1324,1314,1312
1324,1320,1332,1322,1325,1321
1323,1310,1325,1311,1322,1309
1324,1326,1332,1323,1309,1331
1325,1308,1331,1327,1309,1330
1326,1328,1330,1307,1308,1331
1305,1307,1329,1327,1306,1330
1338,1328,1337,1305,1304,1330
1336,1331,1327,1335,1326,1329
1326,1334,1330,1332,1335,1325
1334,1323,1325,1333,1331,1320
1332,1345,1344,1320,1334,1319
1344,1332,1331,1335,1333,1343
1334,1336,1342,1343,1331,1330
1330,1337,1335,1341,1342,1329
1338,1336,1341,1329,1340,1339
1304,1339,1337,1329,1303,1340
1356,1338,1340,1303,1355,1337
1339,1354,1341,1337,1355,1338
1340,1353,1342,1337,1336,1354
1341,1343,1352,1335,1353,1336
1342,1350,1344,1335,1352,1351
1350,1334,1345,1343,1333,1335
1344,1346,1333,1319,1318,1350
1318,1348,1345,1349,1347,1319
1542,1346,1318,1348,1541,1371
1371,1346,1349,1370,1347,1368
1368,1350,1346,1348,1370,1345
1344,1351,1349,1343,1368,1345
1350,1368,1352,1366,1367,1343
1366,1342,1351,1353,1343,1364
1364,1341,1352,1354,1342,1363
1363,1340,1353,1355,1341,1364
1357,1354,1340,1361,1339,1356
1339,1357,1302,1303,1355,1143
1356,1361,1358,1355,1359,1143
1143,1357,1149,1144,1359,1356
1358,1360,1150,1149,1357,1361
1381,1361,1359,1380,1382,1362
1362,1357,1360,1355,1359,1380
1363,1361,1379,1380,1360,1355
1362,1364,1354,1379,1353,1378
1363,1365,1353,1366,1354,1352
1366,1364,1376,1378,1377,1367
1365,1352,1351,1367,1376,1364
1368,1376,1375,1366,1369,1351
1367,1349,1351,1369,1350,1370
1368,1374,1370,1375,1367,1373
1348,1373,1369,1371,1372,1368
1372,1348,1561,1370,1562,1347
1371,1373,1573,1562,1370,1561
1372,1374,1370,1393,1369,1573
1393,1391,1373,1375,1369,1392
1391,1374,1376,1367,1369,1390
1375,1365,1367,1390,1377,1366
1378,1388,1390,1389,1376,1365
1377,1365,1379,1387,1388,1364
1362,1387,1378,1380,1363,1364
1385,1362,1381,1379,1360,1387
1382,1360,1380,1385,1384,1383
1381,1150,1193,1383,1360,1151
1384,1193,497,1382,1194,1381
1383,487,1385,496,497,1381
1384,1386,1380,487,1381,1387
487,1387,481,1385,486,1388
1386,1379,1388,1378,481,1385
481,1377,1389,480,1387,1378
480,1390,1377,1388,477,478
1389,1377,1391,1376,477,1375
477,1374,1375,1392,1390,476
1393,465,1391,476,464,1374
1374,1394,1392,464,1373,1391
1393,1574,1573,464,463,1373
1396,1404,1495,1313,1206,1312
1397,1395,1206,1208,1207,1404
1396,1398,1403,1402,1208,1404
1209,1401,1397,1399,1208,1402
1487,1398,1209,1211,1400,1401
1401,1485,1486,1487,1412,1399
1400,1402,1412,1398,1399,1411
1401,1410,1403,1397,1411,1398
1404,1402,1397,1406,1410,1396
1403,1405,1395,1406,1495,1396
1498,1404,1495,1406,1497,1407
1403,1409,1405,1407,1404,1410
1498,1406,1500,1499,1409,1408
1409,1425,1500,1416,1407,1426
1410,1406,1408,1415,1407,1416
1415,1409,1402,1411,1403,1406
1412,1415,1410,1414,1402,1413
1411,1413,1401,1485,1400,1402
1419,1412,1414,1485,1484,1411
1417,1419,1415,1411,1413,1416
1416,1410,1411,1414,1409,1417
1415,1417,1425,1424,1408,1414
1416,1418,1424,1414,1423,1419
1423,1422,1417,1419,1420,1414
1413,1483,1418,1414,1420,1417
1470,1418,1483,1419,1421,1422
1422,1469,1468,1470,1437,1420
1418,1437,1436,1421,1423,1420
1435,1424,1418,1436,1422,1417
1425,1423,1435,1417,1416,1427
1424,1416,1426,1427,1408,1417
1501,1425,1427,1503,1408,1500
1428,1426,1425,1503,1424,1429
1430,1427,1435,1429,1434,1503
1503,1430,1505,1428,1504,1427
1428,1431,1433,1429,1434,1505
1430,1505,1506,1432,1433,798
1433,798,1442,827,1431,1506
1430,1441,1432,1442,1431,1434
1430,1440,1428,1433,1435,1436
1423,1428,1424,1436,1434,1427
1423,1435,1422,1440,1437,1434
1422,1438,1421,1440,1468,1436
1468,1445,1439,1437,1467,1440
1444,1438,1441,1440,1443,1445
1436,1439,1441,1437,1434,1438
1433,1439,1440,1443,1442,1434
1443,1432,843,1441,1433,827
843,1444,1442,1439,1441,844
845,1439,1443,1445,844,1438
1446,1438,1444,1467,845,1439
869,1447,845,1445,870,1467
1446,1466,1448,1467,870,1445
1460,873,1447,870,1449,1466
1459,874,1460,1450,1448,875
875,1449,765,764,1459,874
772,765,1459,1458,1452,1450
1458,773,772,1453,1457,1451
1454,1456,1457,1452,1455,773
784,785,1453,1455,773,1475
1474,1454,1456,1473,1475,1453
1473,1463,1455,1453,1457,1472
1462,1453,1456,1458,1463,1452
1452,1451,1461,1457,1462,1459
1460,1449,1451,1461,1458,1450
1466,1459,1448,1449,1461,1447
1460,1458,1462,1465,1459,1466
1457,1464,1461,1465,1463,1458
1456,1464,1472,1462,1457,1471
1471,1469,1470,1463,1462,1465
1469,1466,1462,1461,1464,1467
1460,1447,1465,1467,1461,1448
1468,1447,1445,1466,1438,1446
1469,1438,1421,1467,1437,1465
1468,1470,1465,1421,1464,1467
1469,1420,1421,1464,1471,1483
1472,1482,1464,1470,1463,1483
1473,1471,1463,1482,1456,1481
1472,1474,1456,1480,1455,1481
1473,1480,1475,1455,1479,1476
785,1474,794,1476,1455,1454
795,1475,1479,1478,1474,794
1478,1262,795,797,796,1476
1491,1479,1477,1476,1492,1262
1480,1478,1476,1493,1474,1492
1481,1474,1479,1493,1473,1494
1480,1482,1494,1484,1472,1493
1481,1483,1471,1484,1472,1494
1482,1419,1420,1484,1413,1471
1485,1482,1483,1494,1413,1481
1484,1400,1412,1486,1494,1413
1494,1489,1400,1487,1485,1493
1488,1399,1400,1486,1211,1489
1258,1487,1489,1490,1211,1259
1488,1490,1486,1492,1487,1493
1489,1488,1260,1492,1491,1259
1478,1262,1492,1260,1490,1477
1491,1493,1489,1490,1478,1479
1479,1492,1480,1494,1481,1489
1481,1486,1493,1484,1485,1480
1496,1395,1405,1313,1497,1404
1495,1315,1518,1314,1497,1313
1498,1518,1496,1405,1495,1516
1405,1499,1516,1497,1407,1406
1498,1516,1513,1500,1407,1514
1513,1408,1499,1407,1501,1426
1512,1426,1513,1502,1500,1503
1512,1501,1503,1510,1504,1511
1429,1504,1502,1427,1426,1501
1505,1503,1510,1429,1502,1508
1431,1504,1429,1508,1506,1430
1431,1507,798,1508,1505,897
1508,1506,931,1528,897,1529
1505,1507,1528,1509,1506,1504
1510,1528,1526,1508,1527,1504
1509,1504,1511,1502,1526,1512
1524,1510,1526,1512,1525,1502
1501,1524,1502,1513,1511,1514
1501,1514,1499,1500,1512,1524
1515,1513,1523,1524,1522,1499
1514,1516,1522,1517,1523,1521
1498,1499,1517,1515,1497,1514
1520,1516,1518,1515,1497,1519
1517,1496,1519,1497,1315,1520
1317,1518,1315,1316,1520,1517
1517,1521,1540,1519,1518,1515
1539,1520,1522,1538,1540,1515
1538,1523,1515,1521,1537,1514
1536,1522,1524,1514,1537,1515
1512,1536,1523,1511,1514,1525
1536,1534,1535,1511,1533,1526
1533,1509,1511,1510,1527,1525
1530,1532,1509,1533,1528,1526
1529,1509,1508,1507,1527,1530
1528,932,1530,931,936,1507
1531,1527,1529,936,1532,1528
1530,1551,936,1550,937,1532
1533,1549,1530,1550,1527,1531
1534,1532,1526,1527,1549,1525
1535,1533,1549,1548,1525,1547
1534,1547,1536,1525,1548,1537
1535,1524,1523,1525,1537,1511
1538,1536,1546,1523,1522,1535
1545,1522,1537,1521,1539,1546
1544,1521,1543,1540,1538,1545
1541,1539,1520,1521,1543,1542
1317,1542,1540,1347,1318,1543
1543,1561,1541,1347,1560,1540
1560,1544,1542,1539,1540,1561
1558,1543,1539,1545,1559,1560
1538,1557,1546,1544,1539,1558
1537,1547,1545,1557,1556,1538
1535,1555,1556,1546,1548,1534
1534,1555,1547,1549,1554,1553
1534,1553,1532,1550,1533,1548
1531,1552,1549,1532,1551,1553
1531,937,1552,1550,956,955
1584,1550,1551,1553,1583,956
1549,1583,1554,1552,1550,1548
1555,1583,1553,1582,1548,1581
1554,1556,1547,1548,1567,1581
1557,1555,1566,1567,1547,1546
1558,1556,1545,1566,1546,1565
1565,1559,1544,1557,1545,1566
1558,1560,1564,1563,1544,1565
1543,1559,1561,1563,1544,1542
1371,1560,1562,1542,1347,1563
1572,1372,1561,1563,1573,1371
1572,1559,1562,1564,1560,1571
1559,1565,1571,1570,1563,1558
1558,1570,1564,1569,1566,1559
1569,1556,1557,1565,1567,1558
1556,1568,1555,1566,1581,1569
1569,1580,1567,1581,1579,1566
1570,1566,1568,1565,1578,1567
1569,1577,1565,1564,1578,1571
1575,1564,1576,1572,1577,1563
1575,1562,1573,1563,1571,1574
1572,1372,1394,1562,1574,1575
463,1575,1394,697,1573,1572
1574,1572,1576,1571,697,1573
1575,1577,687,686,1571,697
1570,1576,686,1578,1571,685
1579,685,1577,1570,1569,684
1580,684,1578,683,1568,685
1579,1589,1568,683,1581,1588
1568,1582,1580,1567,1588,1589
1581,1587,1583,1554,1588,1591
1554,1553,1582,1584,1552,1587
1585,1552,1583,956,1587,1586
1586,957,1584,978,956,977
1585,1591,1592,1587,978,1584
1582,1591,1586,1583,1584,1588
1589,1591,1582,1581,1590,1587
1590,681,1580,1588,683,682
679,1589,1591,681,1588,680
1590,1586,1588,1587,1592,679
1586,679,979,1591,678,978
