49.270166,49.887508,49.911456,50.722172,56.293532,64.759286
49.741258,50.058368,50.382278,50.722172,51.669660,65.076635
50.058368,50.143887,50.779847,53.211621,53.835862,55.751963
50.143887,50.755273,50.842328,51.250656,52.553370,58.751371
49.961195,50.445905,51.537450,51.991851,52.553370,55.896426
49.374377,49.961195,50.903969,51.543043,53.141181,76.231828
50.445905,50.565895,50.755273,52.889066,53.141181,53.211621
50.745086,50.959577,51.071741,51.543043,52.889066,78.672156
49.325971,49.948118,50.745086,55.831176,56.980011,68.518312
52.060177,52.906412,53.052771,55.540540,56.980011,57.885050
49.882008,50.490835,50.617528,51.835701,52.060177,77.607364
50.126236,50.152861,50.617528,51.971466,66.503179,68.179136
49.095656,49.815320,49.882008,50.126236,55.540540,73.701801
49.095656,49.325971,50.522605,50.815875,52.906412,72.277557
49.724487,50.522605,50.959577,53.300712,55.831176,64.011894
50.565895,50.889692,51.071741,51.098905,55.751963,64.011894
50.382278,50.668755,50.889692,53.835862,56.685877,63.011009
49.724487,50.999995,51.098905,54.443211,63.011009,71.086943
50.607623,50.815875,53.300712,54.556289,56.959297,71.086943
49.815320,50.663857,51.433593,52.266885,56.959297,68.179136
51.133108,51.971466,52.266885,52.339864,53.911312,57.364939
48.924659,49.696005,49.969524,50.111955,51.133108,69.889783
49.876922,49.969524,50.152861,50.720970,53.911312,78.115734
50.720970,51.229244,51.828465,52.641118,57.735481,66.503179
49.418340,49.876922,55.846899,57.735481,59.746947,60.347587
49.418340,50.391605,50.425996,50.928334,58.227645,65.591909
49.999318,50.425996,51.398290,55.846899,57.690768,77.842751
49.672781,49.696005,49.999318,51.029580,60.347587,78.115734
49.672781,49.991154,50.346669,50.732513,59.486783,72.656748
49.991154,50.111955,50.221691,50.963338,51.029580,70.075170
48.924659,49.448453,49.913331,50.221691,57.364939,66.515661
49.913331,50.663857,51.318097,51.680791,52.339864,56.149258
50.607623,51.180246,51.318097,51.433593,56.718431,58.648597
51.542030,51.647882,54.443211,54.556289,58.648597,62.882547
50.822487,50.999995,51.401676,53.130773,56.685877,62.882547
49.270166,49.764000,50.668755,50.822487,52.690901,65.076635
52.005965,52.051985,52.690901,53.130773,54.864767,61.647951
50.052155,51.401676,51.647882,52.328240,54.864767,66.215605
49.410917,51.048035,51.542030,52.328240,56.718431,68.398676
49.410917,50.263397,51.180246,52.484433,56.149258,70.218372
49.448453,50.163297,50.263397,51.056234,51.680791,74.183337
50.163297,50.479449,51.290917,51.408498,52.506849,70.218372
51.056234,51.062877,51.339216,52.506849,66.515661,68.213168
50.963338,51.339216,51.443845,52.439987,58.657052,59.486783
50.422905,50.425306,50.541920,51.443845,53.562892,65.742550
51.553797,51.813682,53.676863,56.383507,59.993852,65.742550
50.425306,50.648812,50.732513,51.553797,52.439987,73.961012
50.285105,50.346669,50.648812,50.801214,59.045152,72.145532
49.941791,50.285105,52.454528,53.240725,57.690768,72.656748
49.941791,51.333080,51.398290,51.419560,51.945449,65.591909
51.826173,51.945449,52.262261,52.433723,55.335481,58.227645
50.391605,50.571117,51.350123,52.262261,52.361540,72.229599
50.928334,51.828465,52.304505,52.361540,52.694637,59.746947
51.818423,52.229846,52.304505,52.641118,58.884266,62.790055
51.229244,51.302058,51.818423,51.835701,54.298332,69.947939
50.289806,50.407412,50.490835,51.302058,52.451345,71.191743
50.407412,50.919624,51.105512,56.704370,57.885050,65.316583
49.519837,49.948118,50.919624,52.261869,53.052771,78.942256
48.688148,49.374377,49.519837,50.691005,57.743303,68.518312
49.617719,50.772617,50.903969,52.597606,55.896426,57.743303
50.745201,50.772617,51.991851,52.174403,54.128205,55.978049
51.745747,52.174403,52.597606,53.302389,56.654720,64.959863
48.701982,48.947146,50.476772,51.150862,51.745747,74.335758
48.688148,48.701982,49.617719,50.328710,51.842007,64.959863
50.328710,50.631946,50.691005,52.261869,52.593509,65.316583
50.631946,50.714949,51.105512,51.494456,54.525565,69.258051
52.360606,52.451345,52.649275,54.525565,56.540873,56.704370
50.289806,50.657491,54.298332,56.540873,62.790055,68.246968
50.657491,50.921098,51.185840,52.023381,52.075789,81.005085
51.768517,51.802942,52.075789,52.229846,53.218617,70.648583
51.350123,51.768517,52.694637,58.408744,58.884266,61.484916
52.091737,52.304086,52.343231,53.218617,57.957903,58.408744
49.812670,49.984610,51.106289,52.304086,60.940351,61.817710
50.724943,51.106289,51.604741,55.108551,59.144043,71.714853
49.812670,50.001259,51.185840,51.802942,52.091737,55.108551
49.001163,50.001259,50.724943,50.921098,59.759904,77.261819
49.001163,49.132666,49.394359,52.431853,70.180817,75.067643
49.394359,50.145286,50.161564,50.981580,65.165928,77.261819
50.981580,52.023381,52.649275,53.188650,59.759904,68.246968
50.161564,51.494456,51.808891,52.360606,53.188650,73.408469
50.052349,50.477068,50.714949,51.808891,72.569225,74.876693
50.052349,50.476772,51.230656,51.842007,52.593509,69.258051
49.834296,50.976277,51.150862,51.230656,52.034530,67.314919
48.947146,49.077442,49.834296,50.102336,54.174951,75.010702
49.995819,50.102336,51.088583,52.034530,65.795782,72.950714
50.106270,50.297709,50.378711,51.088583,65.127107,67.915300
49.536329,49.995819,50.106270,51.067721,51.262130,67.314919
50.157948,50.477068,50.976277,51.262130,68.385193,70.771837
49.308258,49.536329,50.157948,50.442936,51.117164,90.373612
49.308258,50.145286,60.327902,68.385193,71.583917,73.408469
50.007132,52.278077,52.431853,56.975208,60.327902,65.165928
49.132666,50.449391,50.570922,51.046203,56.975208,71.714853
51.046203,51.604741,51.862059,52.040250,52.261458,74.349765
51.119886,51.189232,52.040250,56.535840,59.144043,61.817710
50.091498,51.083197,51.150708,51.875383,56.535840,68.460623
49.686817,49.984610,51.083197,51.189232,52.953884,73.462123
49.429207,49.648958,49.686817,50.346542,50.554399,68.982031
50.346542,51.172779,52.953884,56.808771,57.957903,60.940351
51.172779,52.343231,54.244865,58.357857,61.484916,72.229599
49.781820,50.571117,50.598230,51.826173,58.357857,75.711269
49.911456,50.437032,50.513578,56.148698,64.533644,64.950588
49.764000,50.437032,50.611770,52.051985,56.293532,70.161915
50.611770,51.628984,53.131387,59.853199,64.694192,64.950588
51.015495,51.422879,52.842517,53.542833,54.791252,59.853199
49.752702,49.866439,51.422879,51.742432,52.442654,60.337368
48.746237,50.466804,52.974950,56.570075,60.337368,64.545053
48.626199,48.746237,49.752702,51.097009,51.439030,67.807141
50.665836,50.856885,51.097009,51.536200,51.742432,52.842517
50.665836,51.484852,51.628984,51.969552,54.791252,60.808886
51.484852,52.327152,53.131387,55.395669,61.647951,70.161915
49.615377,50.052155,52.005965,55.395669,57.207195,72.700209
51.048035,51.260982,51.439051,57.207195,60.069720,66.215605
51.408498,51.439051,52.484433,53.419570,63.762012,68.398676
50.785759,51.290917,51.632718,53.419570,55.121206,59.966377
49.806832,50.442742,50.479449,50.810610,51.632718,68.213168
50.422905,50.810610,51.062877,53.345213,58.657052,60.518227
49.131622,50.011865,51.558250,53.345213,53.562892,79.608574
50.336328,50.541920,51.558250,56.383507,57.584462,59.756892
49.860002,50.011865,51.964293,54.479432,57.584462,77.039338
49.301494,49.422340,49.526769,49.860002,59.693004,64.749810
49.422340,50.388475,50.407014,50.876900,51.665599,74.723144
51.358212,51.665599,51.964293,54.688457,56.851135,59.693004
49.322462,49.509373,51.246916,56.851135,66.711995,70.251813
49.131622,49.509373,49.806832,51.993159,60.518227,76.201771
49.771243,50.442742,51.993159,55.121206,56.895415,66.711995
49.494561,50.283461,50.785759,51.699735,56.895415,71.331678
49.487129,50.283461,51.767605,59.966377,60.069720,63.762012
49.615377,51.249544,51.260982,51.767605,52.722888,75.821889
52.318658,52.327152,52.722888,53.027050,60.808886,60.904371
49.388923,50.856885,51.969552,52.145048,53.027050,57.336450
49.388923,49.668800,50.111040,51.256186,52.318658,74.468460
49.487129,49.668800,50.297708,51.249544,60.904371,67.952967
49.232114,50.297708,50.405510,51.699735,53.465429,71.323350
48.592928,49.232114,49.494561,49.777197,57.737501,67.935800
49.313639,49.771243,49.777197,51.246916,63.200178,70.357402
48.653093,48.987740,49.313639,51.614037,52.113831,70.251813
48.343615,48.592928,49.998638,51.431376,52.113831,63.200178
49.990947,49.998638,51.566388,53.465429,57.737501,57.844283
49.997610,50.405510,51.256186,51.566388,57.384363,67.952967
49.448160,50.111040,50.145350,51.085103,57.336450,57.384363
48.626199,49.448160,51.159132,51.536200,52.145048,59.197110
50.706849,50.954769,51.159132,51.439030,55.184599,72.767636
50.334666,50.706849,51.085103,51.321713,53.921916,59.197110
48.894005,49.141335,49.997610,50.145350,53.921916,73.578076
49.134956,49.141335,49.990947,51.490138,66.913698,68.214137
50.454911,51.187687,51.431376,51.490138,57.372495,57.844283
48.045479,48.343615,48.653093,50.454911,60.425176,72.720938
50.359639,50.575761,51.614037,58.309585,60.425176,72.297601
48.987740,49.019350,49.322462,50.575761,51.358212,70.357402
49.019350,49.308023,50.407014,54.688457,58.309585,66.162470
49.308023,49.513950,49.572317,49.639926,74.723144,76.185769
49.639926,49.760131,51.058501,53.558557,56.580499,68.517825
48.809206,48.934545,51.058501,51.083518,51.885864,71.904026
48.689723,48.809206,51.358275,51.392085,51.435123,52.868338
51.109743,51.885864,52.868338,53.706676,59.119484,71.885573
50.564723,51.109743,51.358275,51.673903,57.436788,73.164069
50.497526,50.564723,50.715135,51.294797,54.793235,77.354194
49.625080,50.025338,50.280379,51.294797,65.516606,72.143456
48.927372,49.670316,50.025338,50.497526,65.117549,73.164069
48.773697,48.927372,50.331975,52.207702,59.119484,76.713074
48.773697,48.968498,49.382305,53.706676,58.661907,71.904026
51.975265,52.027393,52.207702,55.839704,56.169013,58.661907
49.994277,50.331975,51.901076,51.975265,52.386665,65.117549
49.670316,50.055569,50.280379,50.823805,52.386665,76.713074
49.994277,50.055569,50.321656,53.091892,54.089382,64.505064
49.467178,49.560773,51.623032,53.091892,66.141856,70.688937
49.304763,49.560773,51.901076,55.839704,64.505064,70.123874
49.304763,49.944517,49.951210,53.671633,56.169013,84.224291
49.951210,49.971494,50.382929,52.027393,66.116383,70.506073
48.137823,48.900041,49.382305,49.971494,58.464610,69.484573
48.900041,48.934545,48.968498,49.399397,49.760131,71.885573
49.399397,50.359639,50.362190,56.580499,58.464610,75.472501
48.045479,48.137823,49.513572,50.362190,70.506073,72.255908
49.182296,49.513572,50.382929,57.372495,61.336231,69.484573
49.134956,49.182296,49.436660,51.187687,53.709078,80.758079
49.279053,49.436660,50.261130,52.499920,55.303360,70.222152
48.894005,49.279053,50.334666,51.224695,61.362691,66.913698
51.321713,51.883892,52.992323,55.184599,55.250444,61.362691
50.400822,50.666537,50.830871,51.088086,51.883892,81.786541
50.491285,51.088086,51.224695,52.499920,55.250444,55.744222
50.061252,50.261130,52.076850,53.070373,55.181752,55.744222
53.671633,53.709078,55.181752,55.303360,58.077415,61.336231
49.944517,49.992575,51.533673,52.076850,58.077415,70.680795
49.684676,49.992575,50.061252,50.410489,50.493847,58.445692
51.533673,51.623032,52.924137,55.089879,58.445692,70.123874
49.882773,50.252870,50.652997,55.089879,57.928888,67.390931
50.410489,50.475422,50.520126,50.652997,52.924137,75.858671
49.135790,49.508876,49.684676,50.520126,51.270338,67.830874
49.508876,50.491285,50.493847,50.666537,53.070373,53.798302
50.400822,51.270338,51.327299,53.798302,59.224344,81.884294
48.588572,50.018802,50.127235,51.327299,70.878558,80.174065
48.588572,48.963238,49.135790,55.536766,59.224344,73.138457
50.332203,50.475422,50.649316,51.927589,55.536766,67.390931
48.963238,49.572633,49.872550,50.649316,63.990728,71.928557
49.273066,49.675256,49.872550,50.942657,70.536594,70.878558
49.273066,49.319390,50.018802,50.782844,52.281934,73.096007
49.993700,50.054043,50.127235,50.489378,50.782844,82.891481
49.914069,49.993700,51.316034,52.520065,78.973889,80.448461
50.830871,51.316034,51.605016,52.992323,72.721906,72.767636
50.954769,51.605016,52.974950,62.081209,64.776845,67.807141
49.719918,50.575026,51.339851,51.370426,53.413416,59.993852
50.096663,50.641584,51.101699,51.339851,52.967238,56.633435
48.612834,49.518506,49.724470,51.101699,55.584395,66.195420
49.723287,50.213699,50.882892,52.758710,64.786300,66.195420
49.723287,50.430473,51.094192,51.219750,57.828602,63.011864
51.094192,51.620897,51.823410,52.524347,52.604155,53.934690
49.278236,49.321844,49.506962,51.823410,52.761882,54.018117
49.321844,49.339658,49.824508,50.101310,50.785994,65.429272
50.101310,50.158136,50.964371,53.257336,55.480025,58.924187
49.890646,50.204489,50.654016,50.835698,53.257336,68.213544
48.708266,48.937792,49.890646,50.978471,58.924187,74.082765
50.978471,51.379979,51.649712,52.168157,56.902129,74.958244
48.708266,50.158136,51.596846,52.168157,52.806052,77.757763
50.370876,51.596846,51.741103,56.353020,65.515110,68.934472
50.785994,51.741103,52.022418,52.806052,54.018117,55.480025
49.278236,50.287289,51.181577,52.022418,52.524347,65.515110
49.545761,50.287289,51.620897,56.271291,56.364626,62.363190
52.706759,52.758710,53.934690,56.271291,56.940325,57.828602
50.882892,52.329930,55.584395,56.940325,63.013320,72.964030
48.612834,50.083157,50.096663,50.496011,59.436046,63.013320
49.719918,51.744799,55.996770,56.633435,59.436046,64.462183
50.801214,51.370426,51.744799,52.894424,53.676863,73.961012
50.790771,50.998441,52.454528,52.894424,59.045152,64.462183
49.694002,50.584270,50.998441,51.333080,51.991274,53.240725
50.443154,50.790771,51.623769,51.991274,61.417331,73.774666
50.083157,51.623769,53.107452,55.996770,64.610110,74.249406
50.483736,50.496011,51.086480,52.329930,53.107452,81.959245
49.236630,50.230764,50.483736,50.533364,52.249982,72.964030
49.236630,49.545761,49.819250,52.706759,65.625818,75.980676
50.807677,51.451998,52.374909,62.363190,65.625818,71.728797
51.181577,51.451998,51.476341,56.353020,56.364626,81.300966
49.828574,50.370876,50.835244,51.476341,63.710988,80.895080
51.122583,51.649712,52.195267,54.286984,63.710988,68.934472
50.992460,51.122583,52.704069,53.135813,56.392606,56.902129
49.858813,50.133199,50.558535,53.135813,54.286984,75.133491
49.828574,49.858813,51.280592,52.195267,52.823570,71.377246
50.835244,51.280592,52.155964,52.639311,55.308259,76.957159
50.540086,50.875777,52.155964,52.374909,64.271613,72.530047
49.198106,50.310276,50.540086,51.747126,60.155861,71.728797
49.819250,50.310276,50.807677,51.309574,52.249982,72.530047
49.701863,50.230764,50.849046,51.309574,51.481565,60.155861
50.514960,50.533364,50.849046,51.086480,61.105497,64.610110
50.514960,50.609386,52.247163,61.417331,64.282060,74.249406
49.694002,50.443154,50.609386,51.007656,52.765178,75.381927
50.584270,51.419560,52.433723,52.765178,53.815198,53.989903
51.007656,51.805846,51.970812,53.989903,55.766935,78.319797
51.612808,51.962376,51.970812,52.473547,60.149798,64.282060
50.355855,50.607050,51.481565,51.612808,52.247163,61.105497
49.198106,49.669274,49.701863,50.142143,50.355855,66.774899
51.747126,52.094273,53.436650,53.928924,61.639379,64.271613
50.279145,50.875777,52.038654,52.639311,58.880125,61.639379
52.823570,53.537818,54.127547,55.308259,58.880125,62.473353
50.558535,50.646184,54.127547,59.617091,65.210408,71.377246
49.533909,49.839470,50.646184,51.171889,63.152124,73.794636
49.839470,50.069167,50.748254,53.493459,62.831124,72.851821
50.630260,51.276766,53.493459,59.617091,62.473353,63.152124
50.279145,50.472091,50.630260,50.879440,53.537818,75.642599
50.879440,51.198275,51.574868,52.038654,52.094273,58.822118
50.361202,50.467969,51.198275,51.255284,53.928924,73.267742
49.954765,50.142143,50.467969,53.312872,53.436650,72.968235
49.669274,49.954765,50.288920,50.607050,51.962376,57.854759
50.129441,50.288920,50.967168,52.473547,53.187344,75.800023
50.769485,50.967168,51.805846,60.149798,60.330833,66.372385
50.598230,53.815198,55.335481,55.766935,57.825001,66.372385
48.975155,49.781820,50.343940,54.244865,71.548972,74.456203
49.708566,50.343940,50.769485,57.825001,65.100263,75.711269
48.962769,49.708566,50.026449,51.236040,60.330833,75.800023
48.962769,49.200663,50.129441,50.974031,58.011241,72.746575
51.789006,53.187344,53.312872,54.626319,57.854759,58.011241
50.619391,51.255284,51.789006,53.370415,69.623516,72.968235
49.780718,50.361202,50.816326,51.574868,69.623516,70.984973
49.599467,49.780718,50.472091,50.995439,58.822118,67.957102
50.748254,50.880581,50.995439,51.276766,51.541346,68.229766
49.947996,50.069167,51.335277,52.141472,52.589666,68.229766
49.106051,49.283221,49.947996,50.600075,67.102385,73.883287
49.283221,49.489835,50.340530,51.335277,61.199871,64.909800
50.280107,50.340530,50.880581,52.589666,54.115929,74.606433
49.599467,49.879406,50.280107,51.541346,62.034334,70.475786
50.816326,50.831657,52.314876,62.034334,67.502484,77.751333
50.299225,50.831657,51.565822,53.710657,55.570991,67.155503
50.349975,50.619391,51.565822,53.366587,57.995244,67.502484
49.200663,49.284878,53.366587,53.370415,54.626319,64.119333
48.556836,48.928741,49.284878,55.695909,56.721839,57.995244
50.599060,50.974031,51.236040,54.822847,56.721839,64.119333
50.011104,50.026449,50.435044,54.009316,65.100263,65.591581
48.975155,49.429207,50.011104,56.690143,56.808771,74.788105
50.549225,50.554399,51.778983,54.009316,56.690143,63.507733
49.584263,49.648958,51.150708,51.778983,51.920949,73.462123
50.826566,51.460112,51.694357,55.109740,63.507733,66.913083
49.090217,50.435044,50.549225,51.460112,54.822847,79.678488
48.556836,49.090217,49.910957,50.599060,58.255071,66.913083
49.910957,50.986679,51.072044,51.866106,55.695909,77.512733
48.928741,50.164067,50.349975,51.072044,53.710657,61.740291
49.344026,50.164067,50.299225,51.047331,57.373831,75.532195
48.942956,50.180251,55.570991,57.373831,61.503727,74.098946
49.879406,50.180251,51.062516,52.314876,67.155503,74.606433
50.184240,51.062516,54.115929,58.086635,61.199871,70.475786
48.671098,49.489835,49.645042,50.184240,50.437483,81.622083
50.490560,50.575026,51.813682,52.388624,55.016818,59.756892
49.526769,49.891059,50.336328,50.490560,54.479432,65.457284
49.800138,49.891059,49.895790,50.323322,55.016818,74.616799
49.731388,49.895790,50.972791,51.630422,74.940026,75.902442
50.323322,50.641584,51.630422,52.388624,52.394251,53.413416
49.518506,50.972791,52.394251,52.967238,53.239949,69.364612
49.015269,49.724470,50.213699,53.239949,55.918417,79.132221
50.286668,52.273291,52.347769,55.918417,60.559971,63.011864
49.364207,49.549100,51.219750,51.916693,52.347769,78.112135
49.364207,49.440887,49.506962,50.430473,52.604155,59.394552
48.993035,49.440887,49.824508,52.761882,52.961052,53.315196
48.501302,49.289379,49.339658,50.199724,53.315196,75.414701
49.289379,50.204489,50.964371,58.993633,60.188379,65.429272
50.140503,50.199724,50.257153,51.281859,60.188379,68.093380
50.457463,50.926065,51.281859,52.127212,52.278917,57.425999
50.319878,50.926065,52.172683,59.040725,63.472204,64.064149
50.257153,50.319878,50.591166,55.846776,57.185616,57.425999
48.501302,48.652496,48.993035,51.493337,57.185616,68.093380
51.493337,51.916693,52.571171,52.961052,59.394552,59.849698
49.549100,49.799989,49.853433,50.051094,60.559971,65.436699
48.536561,49.407410,49.799989,50.286668,50.297634,78.481664
48.536561,49.015269,49.370944,52.273291,68.905322,69.364612
49.370944,49.731388,49.843590,61.262007,68.692242,75.473141
49.520567,49.843590,50.515516,51.711877,52.498021,74.227030
50.269112,50.297634,51.711877,59.109620,61.262007,67.300652
49.221985,49.407410,50.051094,51.073502,59.109620,65.660125
49.163458,49.853433,49.903403,52.571171,53.063502,69.565906
48.652496,49.903403,50.188525,50.222958,55.846776,59.849698
49.157930,50.222958,50.591166,51.323257,52.172683,74.904585
49.981702,50.188525,51.185375,51.323257,53.063502,64.838080
49.163458,49.219717,49.221985,49.775909,51.185375,70.638100
49.507030,49.775909,50.012427,51.073502,65.373632,66.505799
48.932776,49.507030,50.269112,50.549346,65.660125,74.227030
48.885214,48.932776,49.117531,49.520567,66.016956,67.300652
49.117531,49.719631,50.344769,50.489033,52.498021,70.324600
49.897665,50.489033,50.515516,56.432245,68.692242,73.891971
48.875260,49.301494,49.800138,49.897665,65.457284,75.201960
48.875260,50.077338,50.876900,50.954444,56.432245,64.749810
49.513950,49.901951,50.388475,50.954444,61.452283,66.162470
49.719631,49.901951,50.029662,50.077338,51.488261,73.891971
48.899317,49.847586,50.029662,50.344769,52.114841,69.139843
48.885214,48.899317,49.479348,55.700654,56.552462,70.324600
50.010567,50.549346,52.085497,54.627154,56.552462,65.373632
49.660032,50.010567,50.012427,50.226513,70.680311,71.013828
49.219717,49.633494,49.730456,49.981702,66.505799,71.013828
48.070261,48.994090,49.633494,50.115302,64.838080,64.967512
48.070261,48.589186,49.157930,56.239438,63.472204,75.488351
48.589186,50.049948,50.062021,59.040725,60.650693,72.477207
48.988463,49.711548,50.049948,50.339985,67.314533,71.622793
49.672762,49.727247,50.062021,50.339985,51.459965,71.516348
49.727247,50.382071,50.382843,50.529005,60.650693,70.920279
49.878699,50.115302,50.382071,55.755916,56.239438,67.865331
48.461084,48.926679,48.994090,49.878699,63.491791,74.223615
48.926679,49.523363,49.660032,49.730456,64.967512,78.689318
49.523363,50.394475,61.412967,62.554572,63.491791,70.680311
49.641594,50.275508,50.394475,51.213104,70.132546,75.904836
50.166423,50.226513,51.213104,51.401594,54.627154,62.554572
48.999533,49.479348,51.401594,52.085497,52.625340,64.312480
52.114841,52.685202,53.097246,53.394916,55.700654,64.312480
49.721287,49.847586,50.002396,51.488261,66.567108,69.589800
49.572317,49.721287,50.586355,53.558557,61.452283,72.806447
50.089771,50.586355,51.083518,51.435123,54.842675,68.517825
48.725334,49.816286,50.002396,52.685202,54.842675,72.806447
48.725334,48.964125,49.465831,49.690166,53.394916,57.912549
49.690166,50.194469,52.625340,52.778974,53.097246,54.959173
48.565501,48.999533,49.641594,50.166423,50.194469,75.138068
48.565501,48.700429,48.895407,49.992549,54.959173,76.794448
48.895407,48.964125,49.581504,49.755789,52.778974,67.176492
49.465831,49.755789,50.238147,50.885158,55.652529,65.210605
48.914251,49.816286,50.089771,50.885158,51.392085,57.912549
48.689723,48.914251,50.357729,51.673903,55.652529,59.240866
50.043018,50.117462,50.238147,50.357729,54.467063,82.974505
49.150269,50.117462,51.320959,58.352969,62.117657,65.210605
48.951952,49.581504,49.992549,51.320959,52.511592,63.647455
48.700429,50.059701,51.811401,57.759354,63.647455,70.132546
49.717553,50.092790,50.152614,50.275508,57.759354,73.906128
49.993060,50.092790,51.704785,61.412967,65.084099,67.569982
48.461084,48.780216,49.993060,51.590297,67.865331,71.745188
49.754359,50.279284,50.529005,51.590297,55.755916,56.422266
48.882158,49.860771,50.064658,50.382843,56.422266,68.323188
48.340632,48.636908,48.882158,49.324564,50.279284,72.828553
48.340632,48.780216,48.925824,49.754359,55.826877,65.084099
48.925824,49.669867,50.453280,50.599238,52.271597,67.569982
48.636908,49.366033,49.795502,52.271597,55.826877,57.332912
49.324564,50.522619,51.098383,51.481004,57.332912,68.323188
49.795502,50.257111,50.522619,53.276274,57.609350,65.570033
50.051025,50.225977,50.257111,51.123556,51.567991,74.065915
48.406385,49.209349,50.225977,53.276274,59.367508,63.475368
48.406385,49.366033,49.411426,49.669867,54.804075,65.570033
50.249181,50.943938,51.438221,54.039949,54.804075,63.475368
49.411426,49.581712,50.249181,50.453280,51.356294,67.719471
50.152614,50.599238,51.356294,51.704785,52.991027,61.774727
49.680321,49.717553,50.059701,50.957633,52.991027,66.782854
49.304330,49.581712,49.680321,49.794212,61.774727,62.921972
49.604697,49.794212,49.886056,50.957633,51.141236,76.071691
48.951952,49.604697,50.380382,51.811401,64.407387,66.782854
49.150269,49.723078,50.380382,51.654829,52.511592,66.364829
49.033060,49.259400,51.654829,52.582086,58.352969,70.105772
49.033060,50.043018,50.057845,57.357716,62.117657,74.611150
54.467063,54.793235,54.865128,57.357716,57.436788,59.240866
49.718824,50.654016,51.320535,52.106058,55.759485,70.085596
48.899973,48.937792,49.807654,55.759485,59.620715,68.213544
51.379979,52.704069,54.612807,57.512006,59.620715,64.681011
50.143309,50.505840,50.742383,53.901518,54.612807,67.019978
49.807654,50.060970,50.143309,50.667234,57.512006,64.056013
48.220175,48.899973,49.718824,49.778924,50.667234,73.270298
49.666216,49.778924,50.400701,51.214683,53.172858,70.085596
48.936703,49.345388,50.094725,53.172858,55.591530,65.572009
49.314833,50.094725,50.194883,50.294486,58.778452,69.742263
50.194883,50.775942,50.971902,51.492241,61.057083,65.572613
48.955559,49.917439,50.572127,50.592681,51.492241,65.667883
48.936842,49.894153,50.592681,50.816502,59.495874,71.361052
50.136622,50.286727,50.816502,58.167456,61.891505,63.523905
49.999525,50.504576,50.914592,58.923830,61.891505,68.195290
49.812653,50.247426,50.504576,52.391566,58.019736,71.258836
49.939113,50.246075,50.247426,50.890626,50.987639,70.867393
48.583808,49.999525,50.136622,50.246075,50.452944,71.258836
48.497909,48.583808,49.890171,50.128268,58.167456,67.751146
48.261725,48.497909,48.936842,49.649071,49.827845,74.372077
48.030775,48.261725,48.955559,50.971902,54.289444,59.495874
48.030775,48.965336,49.079696,49.314833,61.057083,73.621641
49.079696,49.873943,50.690674,50.947068,58.778452,71.919829
49.579387,50.294486,50.947068,51.253691,55.591530,59.769131
48.220175,48.936703,49.579387,49.666216,59.275683,64.056013
50.060970,50.441105,53.015119,53.901518,59.275683,59.769131
50.505840,51.433396,51.923397,53.015119,59.106628,60.171187
50.422144,50.441105,50.690674,51.253691,51.762706,60.171187
49.800544,49.873943,50.155408,51.762706,55.763459,61.956156
49.464356,50.620567,60.558692,61.956156,63.520134,71.919829
48.965336,49.827845,50.620567,51.283535,54.289444,74.312453
49.572058,49.649071,49.890171,50.510430,51.283535,73.673651
49.095275,49.649156,50.510430,52.121960,61.222599,67.751146
49.506277,49.649156,50.128268,50.452944,50.890626,73.673651
48.829443,49.506277,49.939113,52.182640,65.618142,74.616479
48.829443,49.970392,50.195161,50.399035,54.264082,83.795296
50.399035,51.615907,52.182640,52.257064,59.404783,61.222599
50.364422,50.724656,51.469836,52.257064,54.264082,75.002577
48.751598,49.123311,50.364422,51.615907,51.985814,62.560250
48.751598,49.095275,49.576584,50.262319,59.404783,67.463985
48.711170,49.572058,49.576584,52.121960,60.558692,73.000311
48.672318,48.711170,50.261750,53.674468,63.520134,66.845000
49.017708,49.387824,49.464356,49.800544,53.674468,82.149243
49.017708,49.572828,49.612390,55.763459,62.206651,64.543466
49.612390,49.701496,50.155408,50.422144,51.433396,72.880480
48.845377,49.701496,50.254915,53.529737,59.106628,67.842773
50.048485,51.384490,51.508930,51.923397,53.529737,67.019978
49.445945,50.742383,51.508930,56.392606,63.254242,64.681011
49.011136,49.445945,50.133199,50.992460,60.077679,73.346345
49.011136,49.533909,49.638970,50.875288,65.210408,67.934848
49.570446,49.638970,50.276281,51.239904,51.542238,73.794636
50.875288,51.239904,51.384490,53.042261,60.077679,63.254242
48.845377,48.886240,50.048485,51.497102,53.042261,74.693558
51.497102,51.539889,51.625232,52.653108,55.654694,64.014389
49.572828,50.254915,50.554423,51.625232,55.109435,72.880480
49.265054,49.568981,50.554423,51.705155,52.653108,70.109663
49.168957,49.568981,50.382233,55.109435,62.206651,71.318306
48.672318,48.734602,49.168957,49.387824,64.543466,72.797683
48.734602,48.759773,50.012656,55.873394,66.845000,71.095845
50.012656,50.261750,50.262319,51.312717,62.560250,72.797683
50.544284,50.936110,51.312717,51.985814,71.095845,74.918628
49.123311,49.222518,50.724656,50.936110,63.157686,79.764199
50.360641,50.988659,51.298677,56.641402,63.157686,75.002577
48.968064,49.222518,50.140418,50.988659,65.205342,73.997599
48.334755,48.965295,48.968064,49.827360,52.057372,75.939716
49.277763,49.827360,49.855096,51.502023,67.149947,73.793228
48.743585,49.277763,49.409950,57.204355,58.653644,62.952587
49.409950,49.862021,52.020234,54.564222,56.995306,67.149947
48.718606,49.862021,50.361479,50.945672,52.109210,73.793228
48.334755,48.692156,48.718606,49.519927,49.855096,77.898509
48.692156,49.612670,50.140418,52.057372,58.521140,68.877567
49.612670,49.708194,50.544284,51.961476,73.997599,79.764199
48.759773,49.450621,49.708194,50.934506,67.600565,74.918628
49.450621,50.136333,50.382233,55.873394,65.130862,70.109663
49.511721,50.136333,51.705155,53.534755,57.299933,72.561287
56.372103,56.431190,57.299933,57.629350,65.130862,67.600565
50.407725,50.934506,51.629602,51.961476,56.372103,68.877567
49.519927,50.253151,51.629602,52.109210,54.573802,58.521140
50.048975,50.253151,50.406072,50.407725,56.431190,76.228996
49.520666,50.361479,50.406072,53.462054,54.573802,64.501385
49.321871,49.520666,49.738768,53.680427,57.115176,69.944398
49.738768,50.048975,50.345268,60.613752,62.948874,64.501385
49.145244,50.345268,51.538510,57.063151,57.629350,76.323144
49.618066,49.866489,50.576026,51.538510,54.181306,62.948874
48.614731,49.488961,49.866489,50.336411,52.984555,66.433516
48.614731,48.663591,50.576026,51.316008,56.413842,57.063151
48.546777,48.663591,49.145244,49.511721,59.436216,73.649660
48.546777,49.265054,49.974883,53.311881,53.534755,64.014389
50.556198,50.886657,53.311881,55.781148,56.413842,59.436216
50.556198,50.635033,51.316008,52.984555,57.544154,60.463696
48.515179,48.966794,49.236355,52.088180,52.168145,60.463696
48.503714,48.966794,50.097071,50.635033,50.925839,67.949039
48.503714,49.426795,49.624448,50.886657,51.624396,73.759310
49.426795,49.974883,50.843115,51.539889,55.781148,65.355713
48.886240,49.570446,50.326259,50.843115,55.654694,66.958049
49.624448,50.326259,51.542238,52.632154,59.058664,65.355713
50.074266,50.276281,51.171889,59.058664,62.831124,67.934848
49.106051,50.074266,50.411728,52.141472,71.226151,72.851821
50.411728,50.925839,51.624396,52.632154,52.864999,74.542428
49.642915,50.097071,52.168145,52.864999,53.468892,67.102385
49.193855,49.642915,50.039431,50.600075,54.493995,77.192681
50.238677,50.835698,51.130298,51.320535,58.993633,62.056759
51.214683,52.106058,52.941858,60.991099,62.056759,63.056956
50.400701,51.092098,51.841628,54.496737,60.991099,65.572009
48.882086,49.345388,51.841628,65.572613,67.543259,68.788914
48.882086,49.207928,49.530907,50.057315,59.200674,76.076848
49.207928,50.433631,50.646717,50.907628,60.106769,60.949320
49.989433,50.433631,51.211552,58.393422,59.112203,68.562548
50.646717,50.661385,51.058922,59.112203,61.256064,74.098456
50.057315,50.716874,51.058922,54.496737,60.949320,68.788914
50.716874,50.825540,51.092098,63.056956,66.103207,69.108688
50.825540,50.878384,51.008844,51.434593,51.671330,86.000031
51.130298,51.256369,51.671330,52.099447,52.941858,66.103207
49.494368,50.140503,50.238677,51.256369,52.127212,68.760400
49.326709,49.494368,50.878384,52.099447,52.278917,53.464330
48.988463,49.326709,50.457463,50.919663,64.064149,73.985281
49.098769,50.919663,51.434593,53.464330,58.865155,76.669419
51.008844,51.477176,58.865155,61.256064,63.497139,69.108688
49.952750,50.661385,51.236863,51.477176,74.027871,77.428085
50.559372,51.236863,51.678080,54.238104,63.497139,76.669419
49.098769,49.277500,50.233261,51.678080,67.314533,73.985281
49.672762,49.711548,50.193788,50.233261,57.158349,62.804110
48.744636,49.277500,50.559372,50.587053,52.018968,57.158349
51.380820,52.018968,52.074578,54.238104,61.372283,64.550689
49.055136,49.551255,49.964572,51.380820,59.679534,77.428085
49.055136,49.567093,49.952750,49.989433,74.098456,78.138259
49.567093,50.023360,50.195573,50.856912,59.679534,68.562548
49.317037,50.195573,51.902551,57.973875,58.393422,71.820977
50.536079,51.211552,51.902551,52.199194,60.106769,68.200524
50.398683,50.434528,50.907628,52.199194,52.496775,59.200674
49.530907,50.434528,50.572127,50.775942,55.925268,67.543259
49.917439,50.313973,50.604979,52.496775,55.925268,63.649037
49.382371,49.894153,50.604979,51.541903,63.523905,65.667883
49.269214,49.382371,50.286727,50.378254,66.180895,68.195290
50.378254,50.914592,51.374260,57.161335,58.724907,62.309226
49.784550,49.937436,51.069974,57.161335,57.601558,69.851247
49.269214,50.603068,50.791703,51.069974,58.724907,72.183667
50.603068,51.541903,52.107935,54.417678,59.428273,63.649037
50.155465,50.313973,50.398683,50.536079,54.417678,77.310389
50.155465,50.779121,50.925369,52.107935,52.685896,77.438346
50.684636,50.791703,50.925369,56.622695,59.428273,62.501237
49.327983,49.685684,49.784550,50.684636,72.183667,75.041122
49.685684,51.071536,51.548207,52.516223,62.501237,73.365078
51.043460,51.071536,51.234641,52.685896,56.622695,74.856202
49.212914,49.317037,50.779121,51.043460,68.199483,68.200524
49.212914,49.496269,50.757339,51.053041,57.973875,74.856202
50.956754,51.053041,51.234641,51.898891,55.646169,68.199483
51.328992,52.290011,52.516223,55.646169,63.628232,64.450250
50.083860,51.328992,51.443766,51.548207,55.459046,75.550902
49.411886,49.462639,51.443766,55.775390,64.450250,65.139178
49.435748,49.462639,50.850455,56.998176,59.700030,63.628232
49.796744,50.850455,50.985532,53.028977,54.868593,56.151366
50.025689,50.452994,50.794000,53.195520,56.151366,79.877404
53.195520,53.320684,53.764092,55.714331,62.080002,62.183670
49.512004,50.076466,50.236602,55.546298,55.714331,56.818613
49.845630,50.236602,50.313289,50.331771,50.452994,62.080002
49.550877,49.796744,49.845630,50.794000,55.496825,56.017290
49.368677,49.435748,52.579944,54.868593,56.017290,59.058804
51.587073,51.898891,52.290011,52.579944,59.700030,61.059627
49.496269,50.199963,50.956754,51.570029,51.587073,62.413190
51.067619,51.570029,51.986101,55.675392,59.058804,61.059627
48.856628,49.368677,49.550877,50.975873,51.067619,73.818208
49.764097,50.313289,50.425125,50.975873,50.989620,55.496825
49.512004,49.743479,49.764097,49.881792,50.331771,80.062482
49.743479,49.794560,50.636325,50.989620,59.347055,75.224685
48.856628,49.460581,50.167708,50.425125,59.347055,71.516012
50.167708,50.935041,53.670309,55.675392,62.957756,72.069093
50.199963,50.323360,50.935041,51.605158,51.986101,76.911556
50.023360,50.323360,50.399624,50.757339,62.413190,66.481168
49.964572,50.399624,50.856912,51.004110,51.006699,73.563876
50.956117,51.006699,51.605158,60.568147,62.957756,66.481168
53.670309,54.551854,55.461449,60.568147,62.428800,64.076371
49.460581,49.959953,50.636325,64.076371,64.397836,65.441527
48.486236,49.035987,49.153052,49.794560,65.441527,72.507454
48.486236,48.508205,48.630597,49.017858,49.568115,73.602942
49.017858,49.035987,49.959953,50.252042,50.482030,75.224685
49.997065,50.252042,51.601142,54.551854,63.573804,64.397836
49.997065,50.330271,50.574357,51.061538,55.461449,62.841906
50.574357,50.884540,50.956117,53.542604,62.428800,66.392735
48.867882,49.551255,50.884540,51.004110,61.372283,70.549303
48.497968,48.612963,48.867882,52.144915,64.550689,66.392735
48.612963,49.934573,50.330271,50.636301,53.542604,66.183966
49.253319,49.934573,50.124488,51.061538,59.974059,64.640320
49.253319,50.382284,51.601142,53.613672,59.884923,62.841906
49.568115,50.293783,50.482030,53.613672,62.588897,63.573804
49.425389,49.837327,50.293783,50.382284,51.468241,81.369193
48.954348,49.818420,49.837327,53.031014,59.884923,64.640320
51.312408,51.469090,53.031014,57.540619,60.082582,62.865237
51.469090,51.570295,52.147820,52.998757,56.486656,74.065915
51.123556,51.342396,51.570295,51.789555,57.609350,70.622163
50.544085,50.986189,51.098383,51.342396,51.609447,70.027579
49.443838,50.064658,50.544085,51.481004,51.865701,72.381828
49.860771,50.493934,51.459965,51.865701,56.608705,62.804110
50.193788,50.332296,50.354626,50.493934,50.587053,72.572674
48.497968,48.744636,49.865501,50.332296,52.074578,69.727032
49.865501,50.129230,50.730359,51.607239,52.144915,66.183966
50.124488,50.129230,50.636301,50.825793,51.266614,75.677832
48.954348,50.385055,50.825793,59.974059,62.865237,68.580966
50.385055,51.609447,51.789555,51.789906,52.998757,75.677832
50.461851,50.986189,51.266614,51.607239,51.789906,68.580966
49.443838,50.354626,50.461851,50.730359,56.608705,69.727032
52.387702,52.391566,52.435437,58.923830,61.171308,62.309226
49.812653,49.814487,49.877099,52.435437,59.616266,72.031318
48.839377,49.422204,49.877099,50.729483,58.470786,63.062729
49.422204,49.922755,50.116132,51.632595,59.616266,64.988118
49.647943,49.971936,50.116132,54.933915,62.316000,62.624312
48.350841,50.460355,51.171866,54.933915,56.071204,65.766240
47.947908,48.350841,49.104372,50.127899,57.457578,68.694188
47.947908,48.574482,49.419826,49.535242,50.545638,73.988354
50.197764,50.545638,51.616133,51.906914,58.008371,60.579674
53.293126,53.399555,54.109607,54.389943,58.008371,60.117349
50.284910,50.790360,56.148698,59.667442,60.117349,64.759286
49.741258,49.887508,50.425159,50.790360,63.313012,77.686065
50.425159,51.750695,53.464245,54.389943,67.568369,68.641479
51.404710,51.616133,53.293126,53.464245,58.351703,67.701846
48.574482,49.942233,51.079794,51.906914,58.351703,69.089914
49.535242,50.103260,51.409924,53.385016,57.457578,65.766240
49.925126,49.971936,50.103260,51.171866,52.176548,76.015367
49.365547,49.660849,49.809809,49.925126,69.790771,71.041036
49.660849,49.922755,50.695327,61.846716,62.624312,76.015367
49.528370,49.814487,50.264615,61.846716,62.893681,64.988118
50.264615,50.987639,51.061270,58.019736,65.618142,72.031318
49.528370,49.779073,50.119955,51.061270,59.704577,85.041162
49.779073,50.195161,50.240274,51.347306,61.318071,77.081984
49.970392,50.117135,51.347306,51.469836,54.241761,76.997077
48.995568,50.240274,50.285615,50.609143,54.241761,60.690883
50.285615,51.145131,51.151649,54.231921,59.704577,61.318071
50.119955,50.561108,50.695327,51.151649,62.893681,71.041036
50.561108,50.642375,50.674856,51.145131,69.790771,71.007323
49.809809,49.858406,50.509901,50.674856,51.795654,73.865044
49.365547,50.743793,51.409924,51.795654,51.845312,52.176548
50.743793,51.079794,53.385016,54.276944,55.585057,58.992208
49.701877,49.942233,50.390222,50.692780,58.992208,67.701846
50.692780,51.129795,51.404710,51.815902,52.134124,68.641479
51.129795,51.269229,51.750695,52.082411,52.417138,77.686065
50.779847,51.269229,51.669660,54.177107,58.751371,63.313012
51.250656,51.396115,51.494270,52.082411,54.177107,54.637567
50.463062,50.911907,51.396115,51.815902,51.983060,52.417138
49.682321,50.390222,50.463062,50.851276,52.134124,61.564616
49.414997,49.701877,50.213069,52.112541,55.585057,61.564616
49.858406,50.213069,51.845312,52.813700,53.892109,54.276944
50.509901,52.111549,52.378382,52.813700,53.105090,70.981207
52.112541,52.378382,52.919101,53.211201,53.892109,60.731999
49.414997,49.682321,50.321812,52.919101,61.517881,66.983338
50.816923,50.851276,51.321072,51.405107,51.983060,61.517881
50.158251,50.889885,50.911907,51.321072,51.494270,56.920989
50.842328,50.889885,51.037686,51.537450,54.637567,55.978049
50.745201,51.037686,51.534498,52.140092,52.280450,56.920989
50.113176,50.158251,50.816923,50.969388,52.140092,61.727280
50.969388,51.405107,51.819713,52.690684,54.467104,66.983338
49.780616,50.321812,51.819713,54.031997,60.731999,62.050111
49.780616,50.093701,51.514263,52.090434,53.211201,70.981207
49.967709,50.093701,50.100165,50.445467,52.111549,75.864778
49.967709,50.338638,50.487511,50.642375,53.105090,72.108721
48.924933,49.818254,50.487511,50.609143,54.231921,73.874598
49.818254,50.015870,50.100165,50.338638,68.944564,73.758388
48.883296,50.015870,50.109747,52.769106,68.901008,75.521488
48.883296,49.226294,49.258011,49.379879,53.348952,77.310474
49.379879,50.445467,50.785723,52.090434,59.798629,68.944564
50.785723,51.479710,51.514263,51.745938,57.998705,62.050111
51.680352,51.745938,52.690684,53.022463,54.031997,60.203635
50.425681,51.680352,52.506958,52.702284,54.467104,61.727280
50.113176,50.425681,50.478145,52.280450,53.109446,65.185849
51.534498,52.518123,53.049657,53.109446,53.302389,54.128205
51.551445,53.049657,54.174951,55.286649,56.654720,74.335758
50.411482,50.478145,51.987236,52.518123,55.286649,79.329442
49.763617,50.582258,51.987236,52.506958,52.943903,65.185849
50.403644,50.582258,50.641858,52.702284,53.022463,62.888288
50.327216,50.641858,51.451184,51.479710,52.639235,60.203635
49.258011,50.327216,50.537957,52.471106,57.998705,59.798629
50.537957,51.193485,52.170835,52.734628,53.348952,62.956694
49.226294,50.478224,51.042200,52.170835,52.769106,68.559413
49.860762,50.269591,50.478224,50.572174,50.746048,71.859445
50.269591,50.302051,52.360158,52.734628,53.553942,68.559413
50.812954,51.176963,51.193485,51.938082,52.360158,81.123389
51.176963,51.442913,51.451184,52.471106,62.956694,72.344161
50.215449,50.403644,51.194661,51.442913,52.639235,80.993876
51.194661,52.670066,52.943903,55.729497,61.547518,62.888288
49.763617,50.411482,50.524932,50.601222,55.729497,77.853665
49.568802,50.043962,50.601222,51.480328,52.287092,85.425172
49.077442,49.568802,51.551445,57.185549,65.795782,77.853665
51.331390,52.287092,57.185549,57.359083,60.887068,67.915300
49.367508,50.043962,50.181026,52.510983,57.359083,68.642330
50.159334,50.524932,51.480328,52.510983,52.670066,63.616035
49.874669,50.145295,50.159334,50.440323,63.059280,64.407804
49.874669,50.215449,51.646464,61.547518,69.342911,72.344161
50.255627,51.646464,51.691714,52.252832,52.904492,63.059280
50.255627,50.354360,50.552334,51.938082,69.190368,69.342911
49.706883,50.552334,50.584465,50.812954,53.553942,69.420443
49.706883,49.847686,50.137140,50.302051,50.906002,71.859445
49.709184,49.860762,50.326951,50.906002,51.226894,70.501600
50.140229,50.326951,50.570723,50.746048,51.636078,53.705782
50.572174,50.588371,50.639991,51.042200,53.705782,68.901008
48.948284,49.963491,50.109747,50.639991,70.873499,74.937275
48.331230,48.924933,48.948284,48.995568,63.720346,73.758388
48.331230,49.508014,50.117135,50.360641,60.690883,74.937275
49.508014,49.963491,50.019025,50.295641,56.641402,63.720346
48.965295,49.412987,50.019025,51.298677,65.205342,68.933695
49.412987,50.140229,50.295641,50.588371,52.779390,70.873499
51.502023,51.636078,52.181388,52.779390,57.204355,68.933695
50.570723,51.226894,52.181388,52.503818,62.952587,67.568019
49.837982,49.937436,51.374260,52.153384,52.387702,77.681363
48.271872,48.839377,49.283424,49.837982,61.171308,67.594771
48.271872,48.690523,49.208916,50.497546,58.470786,73.841537
49.208916,49.647943,50.729483,51.632595,51.878005,66.733959
50.460355,50.592153,51.010526,51.878005,59.674687,62.316000
50.010541,50.127899,50.882286,53.865599,56.071204,59.674687
50.117786,50.512116,50.882286,53.108039,62.570168,68.694188
49.104372,49.419826,49.422457,53.108039,60.579674,60.665186
50.197764,51.411590,52.305331,53.074750,54.109607,60.665186
50.644845,51.411590,51.732065,53.399555,53.414819,59.667442
50.284910,50.513578,50.881004,51.160475,51.732065,88.289020
50.881004,51.015495,52.547164,64.533644,64.694192,64.991975
52.442654,52.547164,52.786721,53.542833,53.911264,72.722283
48.376925,49.866439,53.911264,56.570075,58.316257,62.775657
49.942671,50.262690,52.786721,58.261586,58.316257,67.190212
49.706570,50.262690,50.298288,50.845144,51.123188,78.097073
51.123188,51.160475,52.841054,53.414819,64.991975,67.190212
49.706570,50.226607,50.644845,52.305331,52.841054,54.198394
49.422457,50.117786,50.226607,50.407946,53.074750,83.646161
49.967059,50.407946,50.845144,54.198394,63.236406,63.491657
49.591100,49.941160,49.967059,50.189249,68.470937,78.097073
50.189249,50.190196,50.298288,50.972011,58.261586,63.491657
49.384566,49.942671,50.190196,50.255533,53.622295,62.775657
48.376925,49.384566,49.502923,49.841728,58.110410,64.545053
49.841728,50.255533,50.273872,51.050881,51.793802,72.472585
49.951926,50.972011,51.793802,53.622295,62.607415,68.470937
49.951926,50.691298,51.144142,52.269675,58.764416,74.312626
49.591100,50.127830,50.691298,59.979749,65.162601,69.618420
49.505667,50.127830,50.588078,52.087397,53.494090,74.312626
49.505667,49.951361,50.972197,62.579153,67.406860,73.418292
49.951361,50.228678,50.629259,52.441664,67.194772,71.827416
50.304887,50.629259,51.098673,52.129127,52.705093,75.633722
51.921866,52.129127,53.494090,59.979749,61.956283,67.406860
49.941160,50.269738,51.921866,62.570168,63.236406,65.162601
49.893516,50.269738,50.512116,51.098673,53.865599,61.956283
49.071712,49.893516,50.010541,50.304887,50.592153,66.578203
48.690523,49.071712,49.497471,51.010526,63.026085,66.733959
49.482938,49.497471,50.228678,52.705093,61.538269,66.578203
49.482938,49.963831,50.171389,50.535700,50.587647,67.194772
49.963831,50.184022,51.354410,52.441664,55.417605,73.418292
50.184022,50.511825,51.085586,53.512566,62.579153,76.540430
51.427722,51.481335,52.695305,53.512566,55.417605,60.721344
50.587647,51.354410,51.427722,51.722271,54.364166,56.648342
50.106087,50.171389,50.900642,51.722271,51.993091,53.852553
50.497546,50.535700,51.993091,52.258647,61.538269,63.026085
49.128112,49.283424,52.153384,52.258647,53.852553,69.851247
49.128112,49.327983,49.478162,50.900642,57.601558,77.681363
49.134842,49.478162,50.083860,50.106087,56.648342,75.041122
49.134842,49.411886,54.364166,55.459046,58.695105,60.721344
50.913387,52.527979,52.695305,58.695105,60.164190,65.139178
50.985532,51.423607,52.396935,52.527979,55.775390,56.998176
50.025689,50.269503,52.396935,53.028977,61.833487,71.302455
50.085424,50.269503,50.562041,50.913387,51.423607,70.858875
48.774498,49.114383,50.085424,50.545540,50.562709,77.519607
49.114383,51.085586,51.481335,60.089694,60.164190,64.887636
49.293827,50.511825,51.029804,51.732081,60.089694,75.931323
50.902388,50.972197,51.411530,51.732081,52.087397,71.611051
50.588078,51.176772,51.411530,52.269675,53.158153,69.618420
50.594925,50.857356,51.144142,51.176772,52.519165,75.327112
50.273872,50.857356,52.217191,58.764416,62.607415,72.596335
49.948943,50.686465,51.627633,52.217191,52.797648,72.472585
50.240246,50.834268,51.050881,51.627633,58.110410,72.074232
49.502923,50.240246,50.367224,50.466804,64.776845,77.734016
49.914069,50.367224,53.799495,60.871587,62.081209,72.074232
50.489378,51.295449,52.520065,53.799495,55.614573,59.143399
49.258428,49.319390,50.054043,50.293092,51.900487,59.143399
51.755343,51.900487,52.003434,52.281934,52.675434,64.290949
49.472135,50.486681,50.559137,57.646288,64.290949,64.973915
49.472135,50.037557,50.282022,50.293092,51.755343,79.386450
48.774123,49.258428,50.037557,55.614573,62.100619,71.340503
50.834268,51.295449,52.537941,52.797648,60.871587,62.100619
48.774123,48.997448,49.948943,50.180534,52.537941,78.880937
49.670331,49.960097,50.180534,50.662552,51.052201,76.050298
49.670331,50.282022,52.343146,55.750121,57.646288,71.340503
50.115162,50.855857,51.997906,52.248468,55.750121,64.973915
51.368256,51.589661,51.997906,54.908932,65.042432,66.881357
50.855857,51.052201,51.098911,52.087305,52.343146,54.908932
50.662552,52.015177,52.087305,52.788375,54.641407,59.740245
48.562665,48.997448,49.960097,50.686465,59.740245,74.866455
48.562665,49.430678,49.575976,50.594925,54.641407,82.472994
49.328661,49.430678,52.519165,53.158153,55.159102,67.126427
49.293827,49.328661,49.596368,50.902388,62.815406,73.184227
49.449854,49.596368,50.826902,53.532598,64.382324,67.126427
49.575976,50.826902,50.922184,52.015177,55.159102,69.958438
50.763932,50.922184,50.939143,52.501453,53.532598,64.170357
50.381162,51.098911,51.589661,52.501453,52.788375,69.958438
49.753489,50.381162,50.763932,50.869357,54.958337,66.881357
49.472179,49.821320,50.266870,50.364389,54.958337,73.820393
49.807543,49.821320,50.869357,50.939143,51.358400,70.862344
49.023920,49.449854,49.807543,51.528696,57.176822,64.170357
50.545540,51.029804,54.609282,57.176822,62.815406,64.382324
48.774498,49.023920,49.051618,50.145753,54.609282,77.150294
50.084270,50.145753,50.562041,50.562709,61.833487,76.416490
50.084270,50.371399,51.725500,62.183670,71.302455,79.877404
49.659903,50.037038,50.371399,50.656721,56.787219,76.416490
49.051618,50.656721,51.358400,51.528696,53.164020,73.820393
49.659903,50.253157,50.364389,53.164020,54.293199,68.051328
49.819920,50.037038,50.223918,53.352931,54.293199,76.460990
50.223918,51.725500,51.770528,53.764092,56.787219,58.397583
51.554132,51.770528,53.320684,54.098349,55.546298,55.968473
51.803071,52.824430,52.828232,52.944717,61.005556,72.608194
51.641920,51.978539,52.220650,52.824430,59.097543,66.125838
49.418439,49.514064,52.220650,53.677184,54.041114,59.900590
48.483695,49.221762,52.643666,53.677184,56.105062,66.857458
49.221762,49.836456,50.360770,52.179968,57.019063,65.239049
49.904127,50.919151,52.179968,55.679437,63.529153,66.857458
49.227954,49.669321,53.984769,54.160735,63.529153,72.014712
51.138128,52.148193,52.566971,54.160735,57.449602,67.569175
50.991512,51.138128,51.151233,51.154848,51.890308,68.568411
49.157525,49.325637,49.461087,50.377403,51.890308,62.077322
48.672477,49.325637,50.198658,50.602760,54.377564,58.544861
49.267615,50.173431,50.559471,50.602760,63.796033,67.874457
48.892970,48.925943,50.173431,51.674549,68.282848,78.387367
48.892970,49.095821,50.179587,51.332098,56.433297,74.382411
49.647754,49.672875,50.008301,51.332098,66.266778,66.830504
49.672875,49.910663,50.029737,50.179587,51.173788,76.839587
49.095821,49.910663,50.165557,51.601848,58.399356,60.018006
51.601848,51.648184,52.953386,56.433297,56.670139,72.209441
50.198658,50.455461,50.559471,52.953386,62.077322,72.651231
49.157525,49.860711,50.455461,51.154848,52.148193,72.209441
49.860711,50.629633,50.909097,51.648184,57.449602,72.651231
50.629633,52.148195,52.316829,56.417939,58.137755,67.569175
52.148195,52.907925,53.379138,54.531478,61.903743,67.647938
49.479417,49.669321,52.566971,54.531478,58.137755,77.829022
49.479417,49.836456,49.904127,50.241942,61.903743,72.014712
50.068549,50.241942,51.047206,51.438092,52.907925,65.239049
49.782048,50.199174,50.360770,51.438092,54.927255,77.014864
49.514064,50.199174,51.067436,56.105062,57.019063,63.432908
51.067436,51.594291,51.641920,51.703262,59.900590,65.413791
51.204556,51.703262,52.503814,59.907748,61.005556,66.125838
50.023416,50.312194,51.204556,51.594291,55.442221,78.591744
49.755892,49.782048,50.023416,63.432908,64.022148,65.406886
51.027894,51.047206,51.049306,52.612168,54.927255,64.022148
49.637748,50.068549,51.049306,53.379138,62.513506,72.021347
49.637748,50.323747,50.728725,53.843837,62.139457,67.647938
50.183947,50.323747,51.017048,52.316829,53.457532,70.595502
50.165557,50.183947,50.909097,53.083444,56.417939,56.670139
50.831218,51.259697,53.083444,53.457532,58.399356,61.207935
50.728725,51.017048,51.039489,51.259697,53.661867,65.487081
50.388481,50.403999,51.039489,52.091742,53.843837,71.882445
49.999979,50.388481,51.692139,62.139457,62.212022,62.513506
49.384625,49.999979,52.612168,59.953786,61.671384,70.989261
49.349370,49.384625,49.755892,51.027894,51.308945,78.591744
50.251218,50.542269,50.600087,51.308945,61.671384,66.057794
49.349370,49.572381,50.251218,52.073615,55.442221,65.406886
49.572381,49.572848,50.312194,52.435759,53.656693,70.119345
52.073615,52.289123,53.656693,55.540278,58.319727,63.129327
48.576606,49.559748,49.587646,50.051152,55.540278,65.879640
48.576606,49.275589,50.600087,51.196180,54.779553,63.129327
49.213573,49.275589,49.758501,50.542269,70.989261,72.638466
49.758501,51.005824,51.692139,53.534900,59.953786,81.579178
51.005824,51.075514,52.091742,55.060522,62.212022,72.196844
49.811170,51.058029,51.075514,51.328188,63.937690,71.882445
50.403999,50.948519,51.058029,53.661867,55.547525,72.809032
52.950534,53.273150,55.547525,61.168314,61.207935,61.746260
49.749817,50.831218,51.173788,52.950534,60.018006,66.646790
49.749817,49.893484,50.053038,52.451800,61.168314,71.794219
49.758604,50.029737,50.973898,52.451800,66.646790,66.830504
49.085192,49.691826,50.670433,50.973898,55.996748,66.266778
49.647486,49.691826,49.758604,50.009058,54.115548,71.794219
49.883261,50.009058,50.990072,51.767198,52.297300,69.870073
49.132946,49.883261,50.295610,50.331319,67.204725,69.381968
50.207804,50.331319,50.576167,50.973319,51.767198,72.664376
49.478422,49.647486,49.893484,50.207804,56.324233,69.870073
50.053038,50.790679,50.813735,52.216358,56.324233,61.746260
50.575813,50.842960,50.948519,52.216358,53.273150,63.937690
50.575813,50.712953,51.328188,52.252821,62.248045,65.952476
49.176835,49.811170,50.095272,58.211011,62.248045,68.053293
49.718977,53.534900,54.925155,55.060522,68.053293,72.638466
49.542959,49.718977,50.030211,54.849603,56.630316,74.865582
49.138877,49.213573,50.030211,50.813359,51.196180,76.142848
49.138877,49.326959,50.051152,50.841989,51.691088,54.779553
50.695443,50.841989,50.942541,52.314475,53.410897,55.255417
50.813359,51.335716,51.691088,54.849603,55.255417,63.791796
49.970701,49.993764,50.524361,51.335716,74.865582,76.747290
49.518984,49.993764,50.456407,50.942541,63.791796,78.073311
49.182021,49.660114,50.456407,52.139530,70.126379,73.075189
49.675256,50.244368,50.339262,52.003434,52.139530,69.802959
49.660114,49.905542,50.244368,50.942657,63.990728,76.747290
48.792767,49.905542,49.970701,58.038220,61.957081,71.928557
48.792767,49.199210,49.572633,49.659672,50.332203,77.576873
49.199210,49.882773,49.937146,51.927589,56.691763,70.722256
49.659672,49.926560,50.026169,56.691763,58.038220,64.708389
49.542959,49.909161,49.926560,50.524361,61.957081,70.875534
49.176835,49.909161,50.507141,54.925155,56.630316,64.708389
50.026169,50.507141,50.646273,51.406081,58.211011,70.722256
50.095272,50.421542,50.646273,50.712953,62.002515,70.522877
49.245660,50.136098,50.300922,50.421542,50.577256,80.390948
49.937146,50.577256,51.406081,51.828697,57.928888,62.002515
49.467178,50.252870,50.300922,51.248201,51.828697,75.117072
50.136098,50.321656,51.040732,51.248201,57.713149,66.141856
50.823805,51.040732,51.061268,54.089382,67.956076,71.766285
49.950304,50.163143,51.006744,51.061268,59.780696,76.440481
49.245660,49.348731,49.950304,57.713149,65.952476,70.522877
49.348731,50.790679,50.842960,52.252821,58.455542,59.780696
49.478422,50.163143,50.813735,50.973319,57.971039,58.455542
50.576167,50.804258,51.006744,57.971039,67.956076,69.381968
49.625080,50.295610,50.804258,51.102403,73.401196,77.354194
50.221960,50.715135,51.102403,54.865128,65.516606,74.306428
52.828232,54.982531,55.821259,56.161669,59.097543,64.265555
51.619807,51.978539,54.041114,56.108348,56.161669,69.179580
49.418439,49.907953,50.340497,52.643666,56.108348,65.227822
48.483695,49.048362,50.439087,55.679437,65.227822,66.091527
50.919151,50.982868,53.984769,62.718412,65.925791,66.091527
50.098045,50.982868,51.194824,51.355079,59.059242,76.327977
49.227954,49.358268,50.991512,51.355079,62.718412,72.010238
49.358268,50.016092,50.019956,50.877225,59.059242,68.568411
50.377403,50.402535,50.877225,51.151233,51.514006,67.143849
49.461087,49.473024,49.817094,51.514006,58.544861,71.550975
49.473024,50.501978,51.267400,51.759649,62.606583,67.143849
50.016092,50.113309,50.402535,50.479379,51.759649,69.653815
49.801431,49.924453,50.019956,50.113309,51.236420,75.244741
49.527201,49.801431,50.098045,50.260652,51.046287,71.189835
49.527201,49.790919,50.716070,51.194824,65.088233,73.731996
49.048362,49.790919,50.640873,51.368311,65.925791,77.547146
49.394286,49.907953,50.439087,51.368311,51.441599,64.969181
49.394286,49.848377,50.640873,51.210035,51.669518,74.447238
49.848377,50.842841,50.875604,51.312985,62.967590,65.088233
50.716070,51.046287,51.263628,51.312985,57.087034,62.633150
50.260652,50.527321,51.236420,51.492566,58.278006,62.633150
49.599075,49.805129,49.924453,51.492566,54.604759,69.653815
50.479379,51.041597,51.120973,51.267400,54.604759,61.583151
48.688330,49.358460,50.029843,51.120973,52.410986,80.193230
48.438999,48.688330,49.599075,51.041597,51.677306,56.228491
48.438999,48.439456,48.723457,49.805129,51.292597,72.020856
48.723457,50.250443,50.527321,52.964146,55.461184,69.742003
50.250443,50.311700,51.263628,51.341359,58.278006,62.537465
48.755890,49.958161,50.311700,50.842841,57.087034,74.071432
49.670432,49.958161,50.467987,50.875604,51.441954,79.228370
50.467987,50.657756,51.210035,53.005149,62.967590,68.967669
50.273427,50.657756,51.441599,51.669518,62.305652,77.307090
49.469125,50.273427,50.340497,51.619807,64.969181,69.349539
49.469125,50.063368,50.074712,51.603850,69.179580,79.913305
50.074712,50.742121,52.886831,55.821259,56.511053,75.409510
50.219815,50.719052,51.603850,51.831989,56.511053,59.124975
47.867194,50.063368,50.250631,59.124975,62.305652,69.349539
47.867194,49.485385,50.548639,51.814510,61.121308,68.967669
49.485385,50.219815,50.250631,50.581855,56.082880,67.383705
50.188669,51.215416,51.255837,51.831989,56.082880,60.556765
50.188669,50.851868,51.754794,51.914484,52.421260,67.383705
49.984486,50.526093,50.581855,52.421260,56.083798,61.121308
49.811784,49.984486,50.548639,51.179867,51.648671,79.528925
51.179867,51.441954,51.814510,53.005149,53.524140,79.889568
49.489030,49.670432,50.790763,53.524140,70.409968,74.071432
48.755890,49.012402,49.469923,53.273584,62.537465,70.409968
51.341359,51.472260,51.593532,52.964146,53.273584,68.381604
51.292597,52.115288,53.205622,55.461184,57.966634,64.393588
48.439456,49.134526,49.349158,52.183471,56.228491,57.966634
48.629409,49.472365,50.706011,52.183471,54.179058,60.657904
48.087799,48.629409,49.134526,50.519611,60.728443,64.393588
48.087799,52.115288,52.849109,54.202958,54.341211,59.150179
51.472260,51.685756,53.205622,54.202958,57.987645,59.456627
48.925720,49.012402,51.593532,51.990483,59.456627,60.081539
49.469923,50.790763,52.648164,53.392843,60.081539,62.104431
49.254162,49.489030,52.037973,52.216699,52.648164,84.274342
49.254162,49.811784,50.544522,51.076315,52.141659,77.392428
50.430395,50.526093,50.544522,51.648671,51.903402,52.298807
50.430395,50.769765,50.851868,56.083798,60.301027,61.122853
54.683846,54.722227,56.141564,59.040411,60.301027,65.024309
49.264207,50.653791,52.232544,54.722227,59.596490,71.943378
49.416056,50.653791,50.769765,51.903402,53.182117,68.674608
49.416056,49.939762,50.439601,51.076315,52.298807,59.278051
49.939762,52.037973,52.141659,53.919867,54.255243,59.187600
52.040494,52.216699,53.080703,54.255243,56.811548,62.104431
51.990483,52.057605,53.080703,53.392843,56.863516,62.349911
48.925720,49.648092,50.627289,55.646468,56.863516,57.987645
50.527503,50.627289,51.685756,51.936505,54.341211,54.585928
49.348755,49.393709,50.527503,52.849109,55.997406,59.478866
48.971316,49.393709,50.519611,50.992253,59.150179,62.164844
49.223128,49.524882,50.992253,52.867844,54.857972,59.478866
48.985117,49.552280,49.651882,51.489086,52.867844,61.600066
48.985117,49.524882,50.437579,51.218638,55.997406,57.183351
49.348755,49.581029,49.931753,51.218638,51.936505,75.330129
49.581029,49.648092,49.965433,50.794603,54.585928,75.518266
50.794603,50.851463,52.057605,55.646468,56.460677,62.662089
50.851463,51.157103,51.903073,52.040494,58.537496,62.349911
51.157103,52.755084,56.811548,57.050091,58.194364,59.187600
51.491883,52.755084,52.963001,53.919867,59.278051,68.749137
50.439601,51.316834,51.491883,53.182117,59.596490,68.262186
50.872917,51.316834,51.487818,52.232544,57.205682,72.055436
50.213177,50.685011,51.487818,55.300731,55.974089,66.212115
50.213177,50.378711,50.854924,51.331390,54.782563,79.231529
50.297709,50.872917,52.572221,54.782563,55.974089,60.350553
50.888652,52.572221,55.822731,57.205682,68.262186,68.749137
52.946205,52.963001,55.822731,58.194364,62.787527,70.876139
49.847068,50.858091,51.903073,52.446370,57.050091,70.876139
50.172822,50.268403,52.446370,53.156409,56.460677,58.537496
49.965433,50.268403,50.727218,52.574022,62.662089,64.418969
49.931753,50.315295,50.765907,52.711119,57.183351,64.418969
50.301155,50.315295,50.363899,50.437579,51.489086,68.460623
50.163695,50.301155,51.875383,51.920949,58.212233,61.600066
49.755234,50.091498,50.363899,51.119886,52.711119,74.349765
49.755234,50.525387,50.727218,50.765907,51.862059,70.378946
50.172822,50.449391,50.525387,51.553294,52.261458,52.574022
50.570922,50.858091,51.553294,51.575289,52.278077,53.156409
49.847068,49.859309,50.007132,51.575289,62.787527,82.461442
49.859309,49.951728,51.117164,52.946205,70.298801,71.583917
49.951728,50.442936,50.888652,51.067721,60.350553,65.127107
49.575159,49.817094,50.370388,51.163277,54.377564,78.094561
48.672477,49.267615,49.569780,49.575159,50.064829,76.605220
50.064829,50.375664,51.163277,51.873619,58.529776,65.399065
49.532761,50.033530,50.375664,50.538977,55.182458,68.669300
49.830207,50.538977,50.604397,51.297043,51.398439,73.548939
49.445245,49.830207,49.837926,49.839343,60.141793,74.195304
49.837926,50.169615,50.459343,50.957534,57.283141,79.420859
49.181473,49.334647,49.955600,50.169615,50.683974,67.058584
49.334647,49.511452,50.605436,50.722169,57.024605,60.060491
49.565465,49.611886,50.166589,50.605436,51.698988,58.366122
49.611886,49.850461,50.549813,50.762201,51.947190,71.063265
49.286865,50.187819,51.506256,51.947190,52.127867,59.990204
49.286865,50.308802,50.348344,50.879822,51.793201,63.936137
50.900346,51.630161,51.793201,52.760086,53.002488,56.377764
51.331739,51.880889,52.354281,52.760086,54.190586,61.094089
50.831490,51.509671,52.387100,58.704529,61.094089,64.353242
50.444979,50.831490,52.186774,52.354281,54.815180,74.835550
51.522743,51.630161,51.880889,52.186774,53.951698,59.922852
49.850461,50.879822,53.002488,54.688368,59.922852,59.990204
50.623995,51.308985,51.522743,54.210180,54.688368,71.063265
49.511452,50.762201,51.308985,58.366122,60.888983,64.375361
50.306771,50.727236,51.056896,51.156037,60.060491,60.888983
49.181473,49.365476,50.306771,50.459343,50.722169,80.669440
49.365476,49.614716,49.630997,50.626571,51.056896,79.632913
49.445245,49.630997,50.092219,56.447662,66.343890,69.402091
49.684415,49.839343,50.070777,50.604397,61.941381,66.343890
49.964004,50.033530,50.070777,51.873619,53.313636,73.548939
49.569780,49.584667,49.964004,52.287112,65.399065,67.874457
52.287112,52.358464,52.538669,53.313636,56.804212,61.941381
49.684415,50.092219,50.549171,52.358464,54.459729,74.195304
50.387805,50.549171,50.635002,51.317771,52.538669,71.043533
49.528891,49.807293,50.387805,56.804212,59.820631,61.084238
48.925943,49.528891,49.584667,51.196114,63.796033,69.852437
50.008301,50.028440,51.196114,51.674549,53.810274,59.820631
49.085192,49.297388,49.647754,52.405876,53.810274,71.561321
49.297388,49.807293,50.028440,50.512082,54.526248,73.993073
50.774373,51.317771,51.639710,54.526248,57.525607,61.084238
48.954394,50.984572,51.589978,51.639710,53.617514,71.043533
50.635002,51.300377,51.355202,51.589978,54.459729,69.402091
50.381263,50.626571,51.011433,51.355202,56.447662,59.263389
49.614716,49.764648,51.011433,51.156037,51.644691,59.675518
50.232746,50.623995,50.727236,53.941633,59.675518,64.375361
53.066419,53.941633,53.951698,54.210180,54.815180,62.795199
50.232746,50.527639,50.617530,51.398994,51.644691,62.795199
49.646778,49.764648,50.617530,50.969769,52.213840,59.263389
48.954394,49.646778,50.381263,51.300377,55.018410,63.136563
50.667007,50.969769,51.510549,51.713770,54.506191,55.018410
48.932979,49.387058,50.527639,52.213840,52.230272,54.506191
49.387058,50.194570,51.398994,52.459617,53.066419,74.835550
50.086051,50.194570,50.444979,62.677940,64.091505,65.402504
50.086051,50.153080,50.717886,51.545158,58.704529,70.355672
50.620464,50.717886,50.952694,51.230165,67.874989,72.187754
51.230165,51.490217,51.545158,52.169826,64.091505,70.553701
51.081444,52.169826,52.230272,52.459617,55.882318,62.677940
48.932979,49.284126,49.739855,51.081444,51.510549,63.377869
51.490217,51.993775,52.228872,52.234110,55.882318,63.377869
50.953959,51.394251,52.234110,52.683941,54.051119,70.553701
50.059427,50.620464,50.914953,50.953959,51.697075,79.994880
50.161495,50.829932,51.024891,51.249226,51.697075,52.054789
49.402868,50.059427,50.161495,50.485290,52.683941,53.585855
48.682346,49.402868,49.538325,49.833733,54.051119,64.532617
49.833733,50.337239,51.394251,52.228872,57.419476,64.057992
49.284126,50.216941,50.337239,51.763360,51.993775,77.508141
49.739855,50.060082,50.216941,50.667007,50.784181,67.941196
50.784181,51.713770,53.617514,54.771692,62.550078,63.136563
50.925997,50.984572,52.120138,54.771692,57.525607,62.759457
50.196754,50.512082,50.774373,52.120138,53.767653,71.561321
52.405876,52.780985,53.413401,53.767653,55.996748,57.740727
50.196754,50.567213,51.124575,51.582074,52.780985,62.759457
50.503987,50.567213,50.607487,50.925997,54.646392,71.808307
50.060082,50.607487,51.355320,54.195962,62.550078,72.464998
50.082251,50.919180,51.763360,54.195962,64.057992,67.941196
49.104407,50.082251,50.517410,57.419476,57.827828,64.532617
48.925992,49.104407,49.538325,49.605767,56.642341,63.706537
50.224062,50.517410,52.838881,54.823913,54.873936,63.706537
50.224062,50.919180,50.922359,50.970430,57.827828,69.299845
50.014977,50.503987,50.922359,51.123044,51.355320,74.150294
49.649617,50.014977,50.812771,51.124575,51.820073,54.646392
50.642173,50.812771,51.288004,51.582074,52.096159,57.740727
50.670433,51.288004,52.297300,53.368792,53.413401,54.115548
49.888391,50.642173,50.990072,51.994855,53.368792,67.204725
49.132946,49.837934,49.888391,50.204076,69.229894,73.968016
49.837934,50.057845,50.221960,50.941670,67.557520,80.243026
49.496344,50.204076,50.941670,51.072276,70.105772,74.319784
51.072276,51.820073,51.994855,52.096159,52.280020,67.861934
49.649617,50.344346,50.505540,51.123044,52.280020,69.299845
49.769789,50.505540,50.970430,52.225358,52.838881,68.232841
49.496344,49.652068,50.344346,52.225358,52.582086,67.861934
49.259400,49.652068,49.723078,49.769789,50.119783,78.141695
50.119783,50.497788,51.141236,54.873936,64.407387,66.364829
48.925992,49.886056,50.497788,50.629644,54.823913,62.921972
49.214578,49.304330,49.605767,50.629644,54.039949,67.719471
48.682346,49.214578,50.146966,50.485290,51.438221,56.642341
49.913230,50.146966,50.943938,51.024891,53.585855,59.367508
49.209349,49.913230,50.061268,51.249226,51.567991,65.427670
49.814142,50.061268,52.054789,52.437779,55.370018,71.068364
50.619410,50.829932,50.914953,52.437779,57.475666,67.874989
49.786047,50.952694,51.350973,57.475666,65.514009,70.355672
49.786047,50.153080,50.457368,50.459078,52.387100,72.187754
49.722900,49.810328,50.370388,54.912461,62.606583,68.897514
49.358460,49.722900,50.501978,50.526147,61.583151,77.319041
50.248890,50.526147,52.298906,52.348198,54.912461,76.700387
49.532761,49.810328,52.348198,55.759244,58.529776,63.254548
50.165415,50.248890,51.244684,52.671466,55.759244,59.362599
50.066931,50.403871,51.244684,51.323341,61.973702,71.389598
50.629514,51.323341,51.383970,52.671466,58.118211,70.677448
50.165415,50.629514,51.398439,55.182458,63.254548,63.558402
50.277809,50.957534,51.297043,56.597858,60.141793,63.558402
50.034681,50.683974,51.573800,55.850551,56.597858,57.283141
50.154235,50.549869,50.718607,51.522469,51.573800,67.058584
49.565465,49.955600,50.154235,51.359202,57.024605,62.450136
49.647481,50.873339,50.938718,51.359202,51.698988,65.966978
48.821195,50.166589,50.549813,50.938718,51.506256,53.399474
48.821195,50.187819,50.644237,51.143757,51.283387,70.638700
51.143757,51.148212,51.477550,51.517422,55.034946,62.906439
49.646652,49.671044,49.709653,50.818977,51.477550,66.691883
49.787275,50.530417,50.818977,52.567276,58.778067,66.849367
49.709653,50.033800,50.904570,51.148212,58.536560,58.778067
50.873339,50.904570,51.283387,53.399474,56.220063,62.906439
48.491882,49.814135,49.873860,56.220063,58.536560,65.966978
48.491882,49.113684,49.787275,50.033800,57.781852,68.641492
48.795535,50.005694,50.102791,52.815412,57.781852,67.263224
50.005694,51.481146,51.760157,60.978412,67.761446,70.643037
49.814135,49.897711,50.102791,51.760157,55.243829,68.641492
49.647481,49.787549,49.873860,51.522469,55.243829,62.450136
49.315977,49.787549,49.897711,50.718607,53.200296,70.643037
49.315977,49.389066,51.184784,60.044086,67.761446,77.047217
50.549869,50.713866,51.184784,51.661743,53.200296,55.850551
50.034681,50.277809,51.155267,51.383970,51.661743,76.587995
50.713866,50.862775,51.155267,52.945754,58.118211,60.044086
49.389066,49.728265,50.150942,50.328748,52.945754,82.595737
49.728265,50.066931,50.080310,50.862775,55.083375,70.677448
50.080310,50.231440,51.607784,54.458492,55.985066,61.973702
48.759300,49.007389,50.140233,50.231440,51.892341,71.389598
48.759300,50.270688,50.403871,52.298906,59.362599,77.519188
50.029843,50.270688,50.854794,51.300479,51.892341,76.700387
49.349158,50.706011,50.854794,51.677306,52.410986,53.187621
49.472365,50.140233,51.300479,53.187621,53.798145,55.505319
49.007389,49.988054,50.051344,50.122225,55.505319,55.985066
50.051344,50.323482,50.396528,51.607784,51.849233,62.767914
50.328748,50.396528,50.784427,53.459442,54.458492,55.083375
49.740586,50.132157,50.150942,50.784427,54.616101,77.047217
50.132157,50.193996,51.481146,51.808561,68.462866,83.947936
49.873762,50.193996,50.679926,58.070594,60.978412,67.263224
48.600923,48.795535,48.891328,50.264603,50.679926,72.781035
48.891328,49.113684,50.335573,52.567276,52.815412,69.204410
49.774947,50.335573,51.401062,52.977361,66.849367,72.781035
49.523719,49.548145,49.671962,49.774947,66.733511,79.328194
49.548145,50.253933,50.487667,50.736175,52.977361,61.952695
49.970955,50.264603,50.321171,50.487667,51.401062,69.204410
48.480795,48.600923,49.873762,49.970955,59.006698,68.334221
50.147161,50.242887,50.321171,59.006698,61.952695,66.321234
49.056901,50.104868,50.242887,51.305219,57.304743,58.526201
50.024070,50.104868,50.175196,50.253933,53.381784,66.321234
49.791966,50.024070,50.209594,51.529477,57.304743,72.337103
48.899271,49.056901,49.311684,50.209594,62.566587,68.288272
49.256581,49.311684,49.838939,51.305219,54.459380,73.856765
49.244534,49.299775,49.838939,50.147161,58.526201,68.104280
48.480795,49.221244,49.299775,50.176922,69.699230,72.124039
49.221244,50.482091,50.708811,58.070594,65.409831,68.334221
50.482091,51.067153,51.351933,51.808561,54.616101,61.667115
49.740586,50.333214,51.067153,51.111614,53.459442,62.767914
50.095829,50.333214,50.690012,50.988603,51.351933,60.276646
50.690012,50.708811,50.859137,51.044337,54.275429,61.667115
49.678072,50.176922,50.609051,50.859137,65.409831,68.104280
49.094079,49.244534,49.678072,54.459380,65.130115,69.765707
48.529007,48.926495,49.094079,49.147761,64.571663,72.915314
48.529007,49.280579,49.784309,51.366890,69.765707,75.119650
49.280579,50.031866,50.609051,54.275429,58.974828,70.992467
49.451308,50.031866,50.813670,50.988603,51.044337,77.894762
48.969567,49.451308,49.562738,50.095829,58.369602,79.062437
49.562738,50.323482,51.111614,52.907463,59.246164,60.276646
50.122225,50.369325,51.552155,51.849233,52.907463,53.824190
49.579132,49.988054,51.098965,53.798145,53.824190,60.657904
48.971316,49.579132,50.999589,54.179058,58.087048,60.728443
48.679301,49.223128,50.785863,50.999589,51.335811,62.164844
49.552280,50.277524,50.785863,51.844716,51.975831,54.857972
49.572158,49.651882,51.563662,51.975831,55.505096,58.212233
48.922685,49.584263,50.163695,50.826566,51.563662,74.319499
48.922685,49.489471,49.572158,55.109740,55.292689,61.449390
50.959065,51.844716,55.292689,55.505096,60.047009,73.800703
50.217409,50.277524,50.959065,51.335811,53.695119,65.960177
48.679301,49.844828,50.217409,51.098965,51.552155,58.087048
48.882137,49.844828,50.369325,53.695119,58.369602,59.246164
48.275868,48.882137,48.969567,65.960177,73.800703,74.222859
48.275868,48.830287,49.773131,50.098774,74.990889,83.696145
49.489471,49.773131,50.736184,59.612645,60.047009,83.286759
50.736184,51.694357,51.866106,58.255071,61.449390,76.227587
48.811722,48.830287,50.428844,53.133485,59.612645,76.227587
50.098774,50.813670,52.806586,53.133485,58.974828,74.222859
49.784309,50.428844,51.702186,52.806586,53.634290,70.992467
48.811722,49.344026,50.986679,53.634290,61.740291,69.813564
50.597967,51.047331,51.366890,51.702186,61.503727,64.571663
48.662369,48.942956,49.147761,50.597967,65.094050,76.084051
48.662369,48.671098,48.751958,49.785682,58.086635,72.915314
48.266674,48.751958,48.926495,49.256581,65.094050,65.130115
48.266674,49.699817,49.785682,50.437483,57.558679,62.566587
48.899271,49.432137,49.699817,50.053676,50.314463,72.337103
49.193855,49.645042,50.314463,51.841241,57.558679,64.909800
50.644237,51.230926,51.278532,52.127867,52.711045,63.936137
50.136951,50.308802,50.316416,51.148363,51.230926,68.764436
49.937818,50.009343,51.148363,55.932801,56.907006,60.072706
50.004288,50.465702,51.544439,52.247684,55.932801,76.248384
50.465702,50.484032,50.979190,51.056890,52.054315,73.951530
49.694086,49.884754,50.202901,50.484032,62.794135,68.369463
49.884754,50.187776,51.656803,53.693093,66.018505,69.889501
50.187776,50.427585,50.613682,51.671291,55.194500,77.325147
50.427585,50.554012,51.297761,52.025788,52.666736,59.046627
49.321379,50.044965,50.172556,51.121815,52.025788,67.429430
50.679903,50.795888,51.121815,53.298250,56.904578,60.060197
50.076581,50.795888,50.948167,51.181882,51.645310,69.259901
51.353133,51.521217,51.645310,53.298250,55.575960,63.111230
50.535075,51.028535,51.497883,51.521217,53.219583,63.410029
49.493464,50.394026,51.028535,51.907831,52.577118,68.205965
49.493464,49.998732,50.785193,52.499341,53.774982,78.105463
53.456631,53.621300,53.774982,54.872916,57.450500,60.338166
49.998732,50.714765,51.364162,52.454090,54.872916,56.723563
50.670877,50.785193,51.189836,52.454090,52.750946,72.414726
50.220315,51.189836,52.288693,53.103790,58.791745,62.694581
51.945331,52.499341,52.577118,55.575960,58.791745,63.410029
50.533405,51.353133,51.607911,51.945331,52.288693,60.060197
49.489963,50.044965,50.554012,50.679903,51.607911,62.073525
49.489963,49.623869,50.098841,50.220315,50.533405,74.230308
50.098841,51.029477,51.297761,52.417884,62.073525,66.270698
51.029477,51.671291,51.721891,52.666736,52.859177,66.018505
51.881973,52.411020,52.859177,54.251839,59.239025,66.270698
52.411020,52.417884,52.966973,55.686942,56.144540,74.086741
49.623869,50.523042,51.633173,53.103790,56.144540,72.926719
51.633173,52.694106,52.750946,56.523850,62.694581,63.220592
50.523042,50.840100,50.900016,55.686942,63.220592,73.380111
50.805553,50.900016,51.725450,52.966973,55.739835,73.026075
50.576353,50.751363,50.805553,50.957444,51.881973,74.086741
50.484537,50.634153,50.957444,54.927504,59.239025,68.547656
51.721891,52.309737,53.693093,54.251839,54.927504,62.794135
50.162456,50.202901,50.634153,51.056890,52.309737,79.215696
50.009343,50.162456,51.473494,51.544439,52.054315,76.257641
50.245110,50.248196,50.721629,51.473494,60.072706,68.547656
49.711078,50.245110,50.484537,50.576353,59.427099,60.132842
50.356524,50.702996,50.751363,51.513973,55.739835,60.132842
50.702996,51.206051,51.725450,52.937983,65.194000,67.207153
49.867739,50.447869,51.231847,52.937983,64.762227,72.788670
49.867739,50.972082,51.513973,51.698060,51.835210,65.194000
49.163144,49.711078,50.356524,50.972082,51.014661,70.825060
48.512309,49.163144,49.294189,50.248196,59.427099,70.984077
48.512309,49.864755,49.937818,50.721629,65.843440,68.764436
49.217241,49.864755,50.316416,50.348344,50.900346,73.469485
49.132750,49.217241,51.207911,54.190586,56.377764,65.843440
49.294189,50.188644,51.110065,51.207911,70.825060,72.524339
49.132750,49.249346,50.188644,51.331739,64.353242,70.367180
49.249346,49.695321,50.457368,51.044812,51.509671,83.512350
51.044812,51.119000,51.202881,53.158279,57.239429,70.367180
51.014661,51.110065,51.202881,51.685581,51.698060,70.984077
51.240286,51.685581,51.835210,52.714633,53.158279,64.762227
49.258507,50.436937,50.740348,51.240286,51.324295,72.788670
49.797453,50.447869,51.324295,52.779436,54.329689,67.117969
49.013378,49.823715,50.391112,50.546615,52.779436,77.377828
49.823715,49.885362,49.964246,50.928643,54.929716,58.921296
50.391112,50.928643,51.206051,51.231847,51.779199,67.117969
49.964246,50.840100,51.779199,52.025353,67.207153,71.811940
51.292951,52.025353,52.027719,54.929716,56.523850,58.375751
50.279407,50.670877,51.292951,51.370175,52.694106,56.723563
48.800067,49.552608,50.327527,50.714765,51.370175,59.013074
49.399279,49.552608,49.905389,51.364162,60.338166,71.037392
49.887329,49.905389,50.875046,51.310398,59.013074,67.852663
49.887329,50.043317,50.835697,51.406229,59.317502,66.524136
49.928343,50.043317,50.137533,51.059612,56.325370,76.255033
50.446473,51.059612,51.332520,53.041310,55.968473,66.524136
49.928343,50.076466,51.332520,51.352553,51.554132,70.020436
49.881792,50.743977,51.352553,52.145934,56.818613,77.124126
49.153052,51.718325,52.145934,57.520596,60.902565,73.602942
50.743977,51.401566,51.718325,54.932895,56.325370,70.020436
50.137533,50.721472,50.875046,54.932895,59.317502,72.194793
50.327527,50.711510,50.721472,51.310398,51.701916,80.436362
48.800067,49.598995,50.279407,50.711510,52.027719,62.208455
49.598995,49.885362,51.391418,52.429761,58.375751,71.588368
50.201100,50.546615,51.630169,52.429761,58.921296,68.829775
49.013378,49.015844,49.797453,50.069832,63.142913,68.829775
50.069832,50.493567,50.740348,53.195558,54.329689,67.312945
49.080526,49.258507,49.259138,49.504678,53.195558,53.658305
50.436937,50.648726,51.119000,51.526318,52.714633,53.658305
49.695321,49.756313,50.459078,50.648726,57.239429,65.514009
49.259138,49.756313,50.704851,51.264814,51.526318,72.314401
50.619410,50.704851,51.350973,51.385507,58.368718,71.068364
49.814142,49.917594,50.323224,51.385507,63.015076,73.359037
49.504678,49.906599,49.917594,51.264814,58.368718,68.269928
49.080526,49.206204,49.906599,50.183646,50.493567,80.793380
48.584343,48.887716,49.124392,49.206204,62.234821,70.615949
48.584343,49.015844,49.730584,49.889617,67.312945,76.510800
49.867601,49.889617,51.630169,51.774737,63.142913,64.819340
49.867601,50.158020,50.201100,56.801128,61.031299,65.685740
51.391418,51.648331,51.701916,56.801128,62.208455,76.503198
51.010959,51.401566,51.648331,57.520596,61.031299,72.194793
48.508205,50.085725,50.158020,51.010959,60.902565,72.507454
48.630597,49.173551,50.085725,51.774737,62.588897,65.685740
49.173551,49.425389,49.730584,62.234821,64.082139,64.819340
48.887716,49.818420,51.312408,51.468241,53.680585,64.082139
49.124392,49.138522,50.183646,53.680585,57.540619,68.269928
49.138522,49.545917,50.323224,56.486656,60.082582,72.569164
49.545917,50.051025,52.147820,55.370018,63.015076,65.427670
50.004288,50.024773,50.136951,51.278532,55.424218,56.907006
50.175858,51.439193,52.247684,55.424218,62.562124,74.809537
49.856690,50.024773,51.439193,51.517422,52.711045,70.638700
49.439794,49.646652,49.856690,53.982425,55.034946,62.562124
49.439794,49.539629,50.175858,50.295600,50.415025,78.580869
50.272014,50.348699,50.415025,53.181469,53.982425,66.691883
49.636066,49.671044,50.348699,50.530417,73.425807,76.895638
49.523719,49.636066,50.310422,51.557564,71.274406,80.156689
50.581314,51.075650,51.557564,51.968135,53.181469,61.082755
48.744086,49.652022,50.272014,50.295600,50.581314,68.491464
49.539629,49.620420,49.652022,50.172459,66.332950,74.809537
49.620420,50.277803,50.979190,52.407456,68.369463,76.248384
49.694086,50.277803,50.320984,50.518245,52.204001,73.210122
50.291481,50.518245,51.431096,51.656803,53.447498,69.385787
51.431096,53.524254,53.717410,55.154081,55.194500,63.000391
50.015707,50.172556,50.613682,54.268864,55.154081,59.046627
49.321379,49.841248,50.191248,50.760661,54.268864,79.093968
50.760661,51.008946,51.181882,56.904578,67.429430,74.494326
49.801163,50.298173,51.008946,52.023329,59.609339,69.259901
49.415083,49.801163,50.577908,51.843555,55.116263,76.389460
50.577908,50.605975,52.252117,53.460129,53.652290,53.766372
50.675991,50.897255,51.882210,53.652290,57.935252,59.958933
49.211469,50.193778,50.675991,50.683164,66.422247,84.589259
49.211469,49.537041,50.603450,52.171333,59.448827,65.837605
50.603450,51.047827,51.392427,51.882210,56.244952,66.422247
49.868386,50.631780,51.047827,52.486990,57.935252,62.967621
49.415083,50.631780,50.716764,50.897255,52.252117,64.232781
49.841248,50.716764,51.510073,53.522936,55.116263,74.676580
49.247270,49.868386,50.456833,51.510073,53.356036,64.232781
49.247270,50.015707,50.081577,50.191248,53.522936,63.000391
50.081577,50.141434,50.813463,53.356036,53.524254,65.254178
50.141434,50.291481,50.473987,51.283113,53.717410,69.619351
51.283113,51.750295,51.817328,52.204001,53.447498,74.758426
50.172459,50.320984,50.676093,51.750295,52.407456,80.875074
50.643697,50.676093,51.477029,66.332950,68.491464,71.818936
50.192324,50.745062,51.817328,63.027078,69.619351,71.818936
50.473987,50.638756,50.745062,58.039833,61.431435,65.254178
50.223244,50.456833,50.813463,50.917176,58.039833,62.967621
50.917176,51.144322,52.331353,52.486990,53.258833,56.244952
49.780808,50.223244,50.638756,51.245449,53.258833,72.265332
51.245449,51.269939,51.909093,55.695937,61.431435,63.027078
50.192324,51.099047,51.269939,51.346120,56.961317,74.570859
50.394917,51.099047,51.102628,51.477029,51.938291,70.863255
48.744086,49.104971,50.394917,50.643697,51.968135,70.999310
48.672401,49.104971,49.227794,51.075650,60.829667,70.863255
49.227794,50.369935,50.709811,51.938291,55.266741,70.999310
50.709811,50.835017,50.872542,51.102628,51.346120,63.453121
50.872542,51.176948,51.331768,51.909093,55.904707,56.961317
51.176948,51.186678,51.670365,55.695937,57.072724,64.518646
49.535722,49.780808,50.438007,51.670365,52.331353,74.956042
50.438007,50.518544,51.144322,51.392427,65.837605,68.170653
49.537041,50.464266,50.518544,50.754172,51.711869,76.615019
51.556307,51.711869,52.171333,54.744741,57.059598,73.370087
49.118311,50.464266,51.314741,51.612981,54.744741,82.899556
50.201559,50.640149,50.754172,51.314741,71.594858,71.621255
49.535722,50.455499,50.640149,51.186678,65.645510,68.170653
50.455499,51.297702,51.469248,52.022205,57.651741,64.518646
51.132222,51.331768,51.469248,51.998476,57.072724,70.670733
50.710815,50.835017,51.998476,52.680783,55.904707,73.956637
49.686201,50.369935,52.680783,55.127022,63.453121,69.269143
54.647837,55.127022,55.266741,57.718368,60.829667,63.931885
48.672401,49.476996,50.310422,61.082755,63.931885,66.733511
49.476996,49.505823,50.029036,54.647837,59.197944,79.328194
49.671962,50.029036,50.175196,50.736175,50.813099,72.786746
50.813099,51.235187,51.529477,53.381784,59.197944,61.808530
50.078235,50.934238,51.235187,59.572940,62.697021,68.727833
49.376351,49.505823,50.934238,57.718368,61.808530,80.137956
48.811208,49.376351,49.657624,51.662609,68.727833,80.209853
48.811208,49.621292,49.686201,56.184494,73.956637,80.840144
49.621292,50.405820,50.710815,62.361440,69.269143,70.670733
50.376208,50.405820,50.789335,51.101413,57.508778,82.555084
50.376208,51.132222,52.022205,53.228146,61.053583,62.361440
49.699239,50.973428,51.574845,53.228146,55.625902,57.651741
49.699239,50.201559,51.297702,51.446257,65.645510,66.531377
51.446257,51.942749,52.212877,52.588425,55.625902,57.625169
51.612981,51.697029,52.212877,53.127223,62.683427,66.531377
48.532324,49.118311,49.530917,53.127223,62.368570,73.370087
48.532324,49.605701,49.995083,50.408559,62.683427,77.571299
49.605701,50.244584,51.697029,57.322699,57.625169,76.738747
49.555519,50.180312,50.244584,50.660936,51.942749,65.732957
50.564659,50.660936,50.689446,51.574845,52.588425,55.703593
50.689446,50.789335,50.973428,51.683187,54.203076,61.053583
50.414072,51.293186,51.656872,52.553392,54.203076,57.508778
50.414072,51.101413,51.146568,57.463728,59.959174,74.656106
49.657624,50.784680,51.146568,55.021131,56.184494,83.232168
51.088012,51.662609,52.237485,55.021131,59.572940,68.343658
49.331551,50.078235,52.237485,53.385177,60.430445,61.598153
49.331551,49.791966,50.053676,50.550766,62.697021,68.288272
49.144339,49.432137,50.039431,50.550766,51.841241,61.598153
49.144339,49.236355,50.709271,53.468892,54.493995,60.430445
50.709271,50.894071,51.088012,52.088180,53.385177,67.177844
48.515179,49.074095,49.488961,50.894071,57.544154,78.681374
49.074095,50.784680,57.206197,57.463728,66.433516,67.177844
50.336411,51.293186,53.305840,54.181306,57.206197,59.959174
49.618066,50.185742,52.553392,53.305840,57.115176,60.613752
50.185742,51.656872,51.682963,51.683187,53.680427,55.703593
49.321871,50.180312,50.564659,50.982818,51.682963,73.689823
50.378918,50.945672,50.982818,53.462054,56.995306,65.732957
49.555519,49.782395,50.378918,54.564222,57.322699,76.079362
49.782395,50.121851,50.796629,52.020234,58.653644,80.366453
49.843340,49.847060,50.114017,50.298173,50.948167,74.494326
49.378403,49.843340,50.076581,50.535075,63.111230,64.239756
49.378403,50.691837,51.374801,51.595273,53.219583,73.293610
50.394026,50.411917,50.691837,50.870767,51.497883,66.348575
50.112647,50.870767,51.907831,53.456631,59.512983,63.086828
49.630757,50.758256,50.819541,50.912090,57.042061,59.512983
49.630757,49.898866,50.338725,50.411917,63.086828,75.420989
49.898866,50.692245,50.890796,51.595273,59.960994,66.348575
49.359002,50.890796,51.374801,51.392695,51.602817,78.118662
49.359002,49.522219,49.847060,56.991277,58.372989,64.239756
49.197494,49.522219,50.432792,51.689685,58.024102,67.665108
51.392695,51.545110,51.689685,52.404258,56.991277,64.755271
52.254533,52.404258,55.724997,56.489007,59.532342,65.572987
51.992900,52.343271,52.480290,63.206271,65.572987,67.316956
50.607337,51.545110,51.992900,55.559222,59.532342,73.924594
49.696913,50.607337,50.692245,51.486717,51.602817,64.755271
49.841674,49.858259,51.486717,53.533036,59.960994,64.816527
49.841674,50.230709,50.338725,51.968574,57.042061,72.954361
49.161215,50.230709,56.602799,59.870236,60.374579,64.816527
50.272329,50.720855,51.051314,53.533036,56.602799,68.337595
48.708514,49.696913,49.858259,51.051314,55.559222,72.697142
48.708514,49.536763,49.973780,50.789084,63.206271,68.337595
49.536763,49.765832,50.012661,50.272329,50.838924,68.357555
49.609706,49.758907,49.765832,49.805829,49.924588,73.371271
49.161215,49.740391,49.805829,50.720855,53.575048,68.357555
49.523528,49.924588,49.940076,53.575048,64.134641,67.869172
50.363009,50.367306,50.545701,50.667836,52.447008,64.134641
49.758907,49.990400,50.242310,50.363009,50.393105,67.869172
49.403776,49.516052,49.609706,50.077598,50.393105,50.838924
49.456817,49.516052,49.875912,50.012661,50.789084,65.332346
49.456817,49.973780,50.278553,51.264032,52.343271,85.551010
49.374187,50.278553,50.383540,53.530671,67.316956,68.477721
49.358083,50.383540,51.264032,51.843231,65.332346,66.350945
49.076721,49.358083,49.427580,50.756520,55.669690,76.112506
49.967933,50.079247,50.335521,50.756520,51.231651,66.350945
49.076721,49.105570,49.890987,50.079247,55.115328,67.619616
49.105570,49.675076,50.652580,53.662630,57.382982,72.608194
51.107527,51.803071,51.914483,52.503814,53.662630,75.221872
49.890987,50.935048,51.107527,55.383609,57.382982,59.115480
55.115328,55.300051,55.669690,59.115480,59.304214,59.755048
49.403776,49.427580,49.875912,50.205005,59.304214,66.910878
50.077598,50.205005,50.242310,50.423711,55.345311,59.755048
49.990400,50.399140,52.447008,53.267032,55.263937,55.345311
49.438554,50.177191,50.226203,50.399140,64.048154,65.073698
50.117768,50.226203,51.151599,51.208888,51.445697,67.393444
50.423711,51.208888,51.970483,53.267032,55.300051,65.073698
50.935048,51.151599,51.970483,52.499703,55.217382,60.705500
51.298140,51.914483,52.435759,55.217382,55.383609,59.907748
49.572848,51.056240,51.298140,51.445697,52.499703,58.319727
49.587646,50.117768,51.056240,51.609951,52.289123,75.312435
49.952226,50.177191,51.609951,52.372483,65.879640,67.393444
49.326959,49.469250,49.559748,49.952226,50.695443,72.969641
49.469250,49.510413,49.690274,51.554602,53.410897,70.766462
49.294114,49.518984,49.690274,52.314475,60.887568,66.158075
49.159746,49.182021,49.723422,50.451664,60.887568,69.802959
50.339262,50.451664,50.486681,52.675434,61.670518,73.075189
50.115162,50.559137,50.667947,51.465655,59.692635,75.268125
50.872087,51.368256,52.248468,52.409959,56.495517,59.692635
50.879585,51.542499,51.743348,52.409959,60.297927,65.042432
49.753489,50.266870,50.879585,51.089994,71.806485,73.812450
50.514182,51.089994,51.297295,51.924822,60.183504,60.297927
50.487326,50.691148,51.297295,51.542499,52.076562,61.396093
51.494604,51.743348,52.076562,52.368751,53.788213,56.495517
50.872087,51.465655,51.549822,52.368751,59.075133,61.064622
48.748946,49.159746,50.667947,56.655617,61.064622,61.670518
48.678704,48.748946,49.294114,49.723422,50.838621,73.089005
50.838621,51.549822,51.751531,52.302596,56.655617,57.082142
51.494604,51.721129,51.751531,51.861558,53.211533,59.075133
50.691148,50.886862,51.206010,53.211533,53.788213,56.825800
50.223683,50.401989,50.800729,50.886862,51.721129,58.355188
50.006536,50.751860,51.861558,52.302596,58.355188,73.575073
48.678704,49.510413,50.751860,53.677091,57.082142,66.158075
51.191153,51.554602,52.372483,53.677091,64.048154,72.969641
48.507800,49.438554,50.545701,51.191153,55.263937,78.299885
48.507800,49.403361,50.006536,50.367306,50.401989,78.272997
49.403361,49.523528,50.667836,50.800729,51.070412,77.608231
49.195599,49.999879,50.223683,51.070412,56.825800,69.739916
48.749022,49.195599,51.206010,51.514863,61.396093,62.414826
48.749022,49.720872,50.487326,50.923724,51.924822,69.701737
49.720872,49.958969,50.001656,50.514182,53.817376,60.826886
49.472179,50.001656,50.253157,50.380732,60.183504,73.812450
49.819920,50.380732,50.561236,57.438119,60.826886,68.051328
50.665519,53.041310,53.352931,54.098349,58.397583,69.259394
49.925158,50.408524,50.665519,57.438119,58.632600,72.641216
50.200832,50.408524,50.561236,50.627458,53.817376,70.114045
48.295109,49.958969,50.200832,50.862465,50.923724,75.095152
48.295109,48.638189,49.003278,60.581359,62.414826,68.038103
48.638189,49.663916,49.999879,50.537752,51.514863,82.637199
49.663916,49.740391,49.940076,50.801825,64.854704,69.739916
50.290929,50.537752,50.801825,57.181521,60.374579,60.581359
50.290929,50.758256,51.968574,53.058931,58.633370,59.870236
49.740157,50.677071,50.819541,51.402105,53.058931,79.952555
49.929793,50.112647,50.912090,51.402105,57.450500,57.932721
49.399279,49.929793,50.200602,50.832307,53.621300,81.965215
50.200602,50.666652,50.677071,50.913876,57.932721,70.729294
50.666652,50.832307,51.406229,52.892377,58.072078,67.852663
49.925158,50.446473,50.451968,50.835697,58.072078,71.632518
50.451968,50.675408,50.913876,52.892377,58.632600,70.114045
50.627458,50.675408,50.862465,54.730947,68.038103,70.729294
49.003278,49.740157,54.730947,57.181521,58.633370,75.095152
49.825319,50.114017,50.432792,52.023329,58.114417,58.372989
49.825319,50.605975,50.866590,51.843555,52.545152,59.609339
50.648772,51.503422,52.545152,58.024102,58.114417,62.974769
49.197494,49.610281,49.687629,50.648772,52.254533,77.324700
49.610281,49.874692,51.414011,53.496051,56.489007,70.724218
52.282694,52.480290,53.496051,55.724997,56.726502,68.477721
48.862400,49.374187,49.405054,50.954008,56.726502,71.878141
50.548846,50.954008,51.280703,52.340767,59.638075,66.139991
49.967933,50.486224,51.280703,51.843231,53.530671,71.878141
50.096673,50.486224,51.048188,51.231651,59.638075,70.634004
49.675076,50.096673,50.335521,50.347887,58.593900,67.619616
50.652580,50.677939,52.944717,55.166552,58.593900,64.265555
50.622921,50.677939,50.742121,51.317063,54.982531,69.819593
50.347887,50.622921,51.241633,54.452945,55.166552,70.634004
50.630579,50.671417,51.631582,54.452945,55.876503,75.361664
50.630579,51.048188,51.900094,52.340767,55.945829,82.086498
51.589103,51.900094,51.940957,56.062546,57.827353,66.139991
48.862400,49.090665,50.548846,54.210210,56.062546,70.881528
49.405054,49.967213,51.414011,52.282694,54.210210,82.856635
49.595804,49.967213,51.475904,64.464245,70.682384,70.724218
49.595804,50.426727,50.638755,58.889148,71.952066,75.658800
49.687629,49.874692,49.936037,50.426727,62.974769,76.048847
49.865158,49.936037,50.396820,58.889148,67.192499,75.644872
50.396820,50.866590,51.333816,51.503422,53.460129,74.558584
50.193778,51.333816,53.766372,59.958933,61.126833,75.644872
49.865158,51.258070,54.488212,61.126833,74.558584,81.646193
51.206435,51.258070,51.408391,53.629993,56.625755,75.658800
49.006768,50.001570,50.638755,51.408391,61.948562,70.682384
49.868666,50.001570,50.656912,51.475904,52.900368,71.952066
49.090665,49.840713,50.656912,51.589103,64.464245,66.545897
50.266486,52.509414,56.308728,57.827353,59.439122,60.901401
51.495678,51.631582,51.940957,55.945829,57.745329,60.901401
50.356657,54.121070,55.876503,55.923411,57.175894,57.745329
50.582750,50.671417,51.241633,51.317063,57.175894,73.080961
50.582750,50.719052,51.082797,52.886831,60.556765,69.819593
49.757412,50.356657,51.082797,51.215416,51.904139,73.080961
49.757412,50.473239,51.255837,51.313331,51.914484,56.519470
50.036933,51.449142,51.904139,53.000790,54.121070,56.519470
49.578346,50.036933,51.495678,55.923411,57.675276,59.439122
49.474724,49.578346,49.704606,50.766181,52.509414,78.154822
49.474724,49.493873,49.512349,56.308728,64.344795,67.589617
49.512349,49.840713,49.868666,50.266486,51.479473,80.771704
51.140332,51.479473,52.107026,52.900368,61.948562,67.589617
48.682909,49.006768,51.140332,53.629993,55.859979,68.549488
50.693277,51.206435,51.346682,54.480615,55.859979,59.588931
53.703685,54.480615,54.488212,56.625755,60.842294,73.934197
50.683164,51.125193,53.703685,57.059598,59.448827,78.579425
50.501864,50.791452,51.125193,51.556307,64.250569,73.934197
48.903565,49.757636,50.501864,51.346682,60.842294,77.043929
48.897874,49.757636,50.693277,53.303477,55.918203,62.967501
48.682909,49.894840,52.593445,53.303477,59.588931,63.262771
52.107026,52.281345,52.593445,53.265676,61.885530,68.549488
49.493873,50.781212,50.985115,52.281345,52.808646,78.154822
50.766181,52.524897,52.808646,58.359853,59.972034,63.674458
49.704606,50.859873,51.449142,51.513784,57.675276,58.359853
51.313331,51.413799,51.513784,53.000790,53.548942,53.605673
50.473239,51.754794,52.563743,53.548942,54.683846,61.122853
51.140052,51.413799,52.563743,52.590555,55.518044,59.040411
50.859873,52.172084,52.200201,52.590555,53.605673,63.674458
49.678260,50.318820,52.200201,53.855100,59.972034,82.776058
49.678260,49.829843,50.781212,52.524897,53.312645,86.190735
49.812745,49.829843,50.738856,50.765922,50.985115,61.885530
48.905315,49.812745,49.894840,51.258837,53.265676,73.854568
48.013447,48.037774,48.897874,48.905315,63.262771,67.835708
48.037774,49.259338,49.900573,50.079266,55.918203,64.535041
48.903565,49.259338,50.456428,55.903879,62.967501,64.250569
49.530917,50.456428,50.632882,50.791452,73.727099,77.043333
49.331130,50.408559,50.632882,53.284646,59.350847,62.368570
49.470880,50.079266,53.284646,53.673550,55.903879,63.064790
49.900573,50.206259,50.972226,51.552199,53.673550,73.834826
48.013447,49.688659,50.206259,50.611934,52.511258,64.535041
49.206196,50.738856,51.258837,52.511258,54.074260,67.835708
50.765922,50.906436,53.312645,54.074260,54.886148,75.230623
49.535439,50.409309,50.906436,51.319739,63.828913,68.619120
49.161318,49.206196,49.535439,50.611934,67.526689,75.230623
49.161318,49.666180,49.688659,51.552199,52.746995,72.191814
50.381632,50.972226,51.955305,55.528046,56.021311,63.064790
49.136141,49.331130,49.401250,49.470880,55.528046,78.767915
49.401250,49.995083,50.796629,59.350847,63.305225,69.733685
48.743585,49.090453,50.121851,52.503818,63.305225,78.767915
49.090453,49.136141,49.413550,50.381632,67.568019,69.733685
49.413550,49.678942,49.709184,50.137140,51.955305,70.553857
49.666180,49.678942,49.847686,51.606203,56.021311,69.420443
50.462009,50.584465,51.606203,52.746995,67.526689,69.190368
50.223225,50.354360,50.462009,52.252832,63.828913,73.545474
50.223225,50.237846,50.409309,52.904492,54.852658,68.944203
51.319739,51.350821,54.852658,54.886148,58.530000,81.828003
51.350821,52.155917,52.186897,53.855100,56.568663,86.013803
50.318820,52.172084,52.186897,52.857032,55.518044,55.858831
50.160268,51.140052,52.857032,56.141564,57.037095,69.460961
49.049732,49.264207,50.160268,50.685011,65.024309,72.055436
49.049732,50.018408,50.163907,52.535815,55.300731,69.460961
52.155917,52.254339,52.535815,55.858831,57.037095,62.006972
50.670533,51.099795,56.568663,58.530000,60.429876,62.006972
49.649564,50.145295,50.237846,50.670533,51.691714,79.735523
49.367508,49.649564,49.701177,50.440323,60.429876,63.616035
49.701177,50.018408,51.099795,52.254339,52.809521,68.642330
50.163907,50.181026,50.854924,52.809521,60.887068,66.212115
